{"animal": 23.16560173034668,
 "fruity": 21.29118537902832,
 "waxy": 20.506498336791992,
 "berry": 21.48872947692871,
 "caramellic": 23.149486541748047,
 "jammy": 21.92190170288086,
 "chemical": 18.5865421295166,
 "tropical": 22.852127075195312,
 "citrus": 20.455713272094727,
 "green": 21.812461853027344,
 "earthy": 23.418794631958008,
 "fatty": 21.298114776611328,
 "ethereal": 21.598188400268555,
 "fermented": 23.408395767211914,
 "fusel": 16.558475494384766,
 "floral": 21.811748504638672,
 "honey": 22.050081253051758,
 "estery": 21.151199340820312,
 "herbal": 20.78409194946289,
 "melon": 21.815683364868164,
 "sulfurous": 26.345561981201172,
 "vanilla": 21.454551696777344,
 "aldehydic": 21.858144760131836,
 "amber": 18.985286712646484,
 "balsamic": 23.568872451782227,
 "phenolic": 21.040592193603516,
 "chocolate": 23.34453773498535,
 "creamy": 23.370685577392578,
 "medicinal": 22.136655807495117,
 "cherry": 25.9106502532959,
 "musk": 22.35492515563965,
 "spicy": 22.09064292907715,
 "tonka": 24.606740951538086,
 "woody": 20.68939971923828,
 "aromatic": 22.254741668701172,
 "minty": 20.57817268371582,
 "winey": 22.09592628479004,
 "acidic": 23.274093627929688,
 "sweet": 25.635385513305664,
 "anise": 21.550207138061523,
 "buttery": 21.24234962463379,
 "cocoa": 23.556039810180664,
 "coconut": 21.938444137573242,
 "dairy": 19.93524742126465,
 "powdery": 24.248064041137695,
 "musty": 26.66769790649414,
 "thujonic": 20.390514373779297,
 "mushroom": 17.149169921875,
 "camphoreous": 21.562223434448242,
 "mentholic": 17.879262924194336,
 "soapy": 23.46050262451172,
 "alliaceous": 25.07746696472168,
 "cooling": 22.20429229736328,
 "nutty": 25.34625816345215,
 "fungal": 23.82120704650879,
 "leathery": 17.24127769470215,
 "marine": 17.939359664916992,
 "mossy": 22.309328079223633,
 "smoky": 14.09932804107666,
 "juicy": 19.778270721435547,
 "tomato": 13.746582984924316,
 "vegetable": 23.116756439208984,
 "coffee": 24.92875099182129,
 "rummy": 19.669384002685547,
 "potato": 18.99250602722168,
 "malty": 23.203001022338867,
 "onion": 20.467802047729492,
 "roasted": 23.64336585998535,
 "bitter": 24.403032302856445,
 "cheesy": 20.505054473876953,
 "oily": 20.46236228942871,
 "pungent": 8.287701606750488,
 "burnt": 24.436241149902344,
 "licorice": 19.765647888183594,
 "orris": 20.442251205444336,
 "garlic": 14.374627113342285,
 "brown": 24.511276245117188,
 "meaty": 24.09623146057129,
 "tobacco": 24.499216079711914,
 "eggy": 11.731006622314453,
 "solvent": 23.507009506225586,
 "clean": 20.348257064819336,
 "bready": 23.665916442871094,
 "sour": 18.83486557006836,
 "toasted": 20.369831085205078,
 "fishy": 12.0518798828125,
 "coumarinic": 26.47373390197754,
 "corn": 21.594446182250977,
 "mustard": 16.71111488342285,
 "moldy": 22.68499183654785,
 "fresh": 14.87175464630127,
 "cabbage": 15.590856552124023,
 "alcoholic": 16.95695686340332,
 "celery": 20.13443374633789,
 "lactonic": 20.13443374633789,
 "rooty": 13.376938819885254,
 "acetic": 12.26897144317627,
 "tarragon": 17.047365188598633,
 "peach": 11.911306381225586,
 "ammoniacal": 25.746437072753906,
 "salty": 0.0,
 "dusty": 17.023401260375977,
 "pine": 18.665325164794922,
 "hay": 11.76441764831543}