{"TOTAL": 0.7436069360554025, "acidic": 0.9265207454289732, "aldehydic": 0.904569786051213, "alliaceous": 0.8721777619425204, "amber": 0.8829912038017579, "animal": 0.6547664872388649, "anise": 0.9056943215100423, "aromatic": 0.7553502413808288, "balsamic": 0.9162225603765086, "berry": 0.8838725852387297, "bitter": 0.19374472184102187, "bready": 0.8766451130465382, "brown": 0.8896562669746613, "burnt": 0.39365571007669053, "buttery": 0.9533767556946366, "camphoreous": 0.8014250570512131, "caramellic": 0.9265581956175579, "cheesy": 0.8880812239906388, "chemical": 0.5499897995185372, "chocolate": 0.8924424999120121, "citrus": 0.7953300745492058, "clean": 0.9059863147347327, "cocoa": 0.3200714536230074, "coconut": 0.7302819652541594, "coffee": 0.9025373111025874, "cooling": 0.3993068933074252, "coumarinic": 0.8790775935017471, "creamy": 0.7324118150254114, "dairy": 0.30522273300681946, "earthy": 0.48308399917893824, "estery": 0.80865576998932, "ethereal": 0.8076496711671604, "fatty": 0.6912072063050998, "fermented": 0.8201119838398101, "floral": 0.7650373653079802, "fresh": 0.8644856390287923, "fruity": 0.7865237911973519, "fungal": 0.5907228640256018, "fusel": 0.7503207654151051, "green": 0.6591919379115065, "herbal": 0.6771758232110205, "honey": 0.9111903148212177, "jammy": 0.8889657634425859, "licorice": 0.938211313877365, "marine": 0.667812011280335, "meaty": 0.8762186587256482, "medicinal": 0.8919555484655679, "melon": 0.4599121519107059, "mentholic": 0.7286656443146153, "minty": 0.7548428999693927, "mossy": 0.9416963461284791, "musk": 0.8655547930935658, "musty": 0.6142177489292415, "nutty": 0.7103712529050099, "oily": 0.4767418453778851, "onion": 0.9481605683985435, "orris": 0.49941472013293886, "phenolic": 0.8215394272877048, "powdery": 0.6183451934468785, "roasted": 0.6966310702690579, "rummy": 0.6155958081653445, "soapy": 0.6788231548971405, "solvent": 0.9239467874285112, "sour": 0.9817187857054966, "spicy": 0.7446654249332236, "sulfurous": 0.8430956990593315, "sweet": 0.40104935667580677, "thujonic": 0.3990096160763531, "tonka": 0.7741250669768599, "tropical": 0.511371975308642, "vanilla": 0.9635580517238109, "vegetable": 0.7463256995101667, "waxy": 0.8211720426929041, "winey": 0.739417268375665, "woody": 0.8304562599141986}