{"TOTAL": 0.8146943846281854, "aldehydic": 0.8949063929115854, "alliaceous": 0.9802729708868209, "amber": 0.9592847786569718, "animal": 0.9126068544826333, "anise": 0.9192935078774962, "aromatic": 0.720185583684239, "balsamic": 0.7957652566508595, "berry": 0.5954810248959052, "bitter": 0.171702462161586, "burnt": 0.9731220665800105, "buttery": 0.9476927074423462, "camphoreous": 0.9086889231769713, "caramellic": 0.941827208886674, "cheesy": 0.9526103989553074, "chocolate": 0.8573988317341862, "citrus": 0.7704338369336453, "clean": 0.8560436634717785, "cocoa": 0.7836540094110798, "coconut": 0.934282288490721, "coffee": 0.9574078405957718, "cooling": 0.5815949806895385, "coumarinic": 0.9540895104354263, "creamy": 0.8524978344781787, "dairy": 0.8511848282906599, "earthy": 0.604913175652334, "ethereal": 0.8581894950556103, "fatty": 0.9179163326577818, "fermented": 0.8063402385436284, "floral": 0.8174340125838226, "fresh": 0.8685002263106046, "fruity": 0.8042178161377938, "green": 0.7077676524262373, "herbal": 0.7852188838533392, "honey": 0.9055306988574737, "meaty": 0.9844977817004361, "medicinal": 0.7638592480856725, "melon": 0.36259357761167327, "minty": 0.7386247988541129, "musk": 0.8431051032037482, "musty": 0.7575765699023258, "nutty": 0.864191920092043, "oily": 0.538089528833674, "onion": 0.9902118504301844, "orris": 0.4467066277638858, "phenolic": 0.8673588578844906, "powdery": 0.6439844410749526, "roasted": 0.9667049828593848, "rummy": 0.8922927163779355, "soapy": 0.7630856302133011, "solvent": 0.7282827014812955, "sour": 0.9996583426512611, "spicy": 0.7899941037235622, "sulfurous": 0.9594657944187992, "sweet": 0.8528378234479821, "tropical": 0.6590762295646034, "vanilla": 0.9204525158633738, "vegetable": 0.8356739698975235, "waxy": 0.8609501656019556, "winey": 0.7935608847571397, "woody": 0.9107710037434671}