{"TOTAL": 0.8860209140960945, "aldehydic": 0.8628309968847352, "alliaceous": 0.9737847222222222, "amber": 0.9188271604938272, "animal": 0.9065420560747663, "anise": 0.8816917240410285, "aromatic": 0.8349023464943095, "balsamic": 0.9286502546689304, "berry": 0.8589409722222222, "bitter": 0.7885636021229241, "burnt": 0.8458495618305745, "buttery": 0.8779513888888889, "camphoreous": 0.9543911168211434, "caramellic": 0.9670027955271565, "cheesy": 0.9148612463485881, "chocolate": 0.7733595616130392, "citrus": 0.8690322805306961, "clean": 0.924125333708023, "cocoa": 0.789024502156557, "coconut": 0.8246913580246914, "coffee": 0.9499222395023328, "cooling": 0.9359615384615385, "coumarinic": 0.9710335747202106, "creamy": 0.8109408933497682, "dairy": 0.8492990654205608, "earthy": 0.7629449838187702, "ethereal": 0.9533749290981282, "fatty": 0.9019800942902043, "fermented": 0.934663975480302, "floral": 0.8947100063734863, "fresh": 0.8165142653156493, "fruity": 0.923095458400802, "green": 0.8904183535762482, "herbal": 0.8120594559222212, "honey": 0.7896701388888889, "meaty": 0.964189827944791, "medicinal": 0.8902585173771614, "melon": 0.8653504880212954, "minty": 0.9016501288306562, "musk": 0.9238443164254602, "musty": 0.7360505529225908, "nutty": 0.8732616199189034, "oily": 0.8680708854549913, "onion": 0.979758149316509, "orris": 0.8959842001316656, "phenolic": 0.9518927444794953, "powdery": 0.8574252532740301, "roasted": 0.9464672232529374, "rummy": 0.8500772797527049, "soapy": 0.9056748466257669, "solvent": 0.8211538461538461, "sour": 0.8668209876543211, "spicy": 0.8700390189520625, "sulfurous": 0.9827064546748931, "sweet": 0.815999531835206, "tropical": 0.9034210526315789, "vanilla": 0.973617601246106, "vegetable": 0.8979133226324238, "waxy": 0.9276510604241697, "winey": 0.9219341044898854, "woody": 0.8784298780487805}