{"final": 0.7494745850563049, "results": {"0": 0.48476341366767883, "1": 0.5148096680641174, "2": 0.5635018348693848, "3": 0.5000705718994141, "4": 0.6389281749725342, "5": 0.6527825593948364, "6": 0.6498227119445801, "7": 0.6317123770713806, "8": 0.6461158394813538, "9": 0.6558459997177124, "10": 0.66497802734375, "11": 0.6424761414527893, "12": 0.663618266582489, "13": 0.6623756289482117, "14": 0.6833730936050415, "15": 0.6759586930274963, "16": 0.6030169725418091, "17": 0.5444493889808655, "18": 0.47685277462005615, "19": 0.5466097593307495, "20": 0.6269534230232239, "21": 0.6261840462684631, "22": 0.6306286454200745, "23": 0.6332574486732483, "24": 0.6565149426460266, "25": 0.6602165102958679, "26": 0.659653902053833, "27": 0.6669535040855408, "28": 0.6659911274909973, "29": 0.6707783937454224, "30": 0.686477541923523, "31": 0.6817556619644165, "32": 0.6606023907661438, "33": 0.6645188927650452, "34": 0.6733829379081726, "35": 0.6921740174293518, "36": 0.6780995726585388, "37": 0.696890115737915, "38": 0.6922681927680969, "39": 0.7088165283203125, "40": 0.7088028788566589, "41": 0.721806526184082, "42": 0.7273173332214355, "43": 0.7302562594413757, "44": 0.7288829684257507, "45": 0.7382909059524536, "46": 0.7214584350585938, "47": 0.7321854829788208, "48": 0.732353925704956, "49": 0.7363063097000122, "50": 0.7234398722648621, "51": 0.7315450310707092, "52": 0.7366143465042114, "53": 0.7384957671165466, "54": 0.7425330281257629, "55": 0.7437888979911804, "56": 0.746608555316925, "57": 0.7441073060035706, "58": 0.7444955110549927, "59": 0.7467458844184875, "60": 0.7411766648292542, "61": 0.7447657585144043, "62": 0.7466991543769836, "63": 0.7468204498291016, "64": 0.7444990873336792, "65": 0.7463169693946838, "66": 0.7438890933990479, "67": 0.7495730519294739, "68": 0.7446175813674927, "69": 0.7421696782112122, "70": 0.7483823299407959, "71": 0.7421744465827942, "72": 0.7489376068115234, "73": 0.7489884495735168, "74": 0.7488377094268799, "75": 0.7496799826622009, "76": 0.7478412985801697, "77": 0.7538793683052063, "78": 0.7551700472831726, "79": 0.7524752616882324, "80": 0.7556869387626648, "81": 0.756682813167572, "82": 0.7531217932701111, "83": 0.7542575001716614, "84": 0.7573003172874451, "85": 0.757429838180542, "86": 0.7566462755203247, "87": 0.7531720399856567, "88": 0.7571089863777161, "89": 0.7528073787689209, "90": 0.7535347938537598, "91": 0.7543781995773315, "92": 0.7527331709861755, "93": 0.7540282011032104, "94": 0.7526153326034546, "95": 0.7523157596588135, "96": 0.751663863658905, "97": 0.7480122447013855, "98": 0.746816873550415, "99": 0.7458577752113342, "100": 0.7494295239448547, "101": 0.7503910660743713, "102": 0.7488545775413513, "103": 0.7479581236839294, "104": 0.7472490668296814, "105": 0.7487100958824158, "106": 0.7481535077095032, "107": 0.7479934692382812, "108": 0.7485412955284119, "109": 0.7496116161346436, "110": 0.749732494354248, "111": 0.7497861981391907, "112": 0.7498472929000854, "113": 0.74977707862854, "114": 0.7497909069061279, "115": 0.7497773766517639, "116": 0.7497568726539612, "117": 0.7497736215591431, "118": 0.7496947050094604, "119": 0.7496874928474426, "120": 0.7495554089546204, "121": 0.7495707869529724, "122": 0.7495300769805908, "123": 0.7494745850563049}}