{"final": 0.6961398720741272, "results": {"0": 0.5137577652931213, "1": 0.5201025009155273, "2": 0.5510258078575134, "3": 0.5608786344528198, "4": 0.5993087291717529, "5": 0.6501074433326721, "6": 0.6620097756385803, "7": 0.6520636677742004, "8": 0.6619442701339722, "9": 0.6876749992370605, "10": 0.6904215216636658, "11": 0.7077146768569946, "12": 0.722777247428894, "13": 0.725191593170166, "14": 0.7254360318183899, "15": 0.724899411201477, "16": 0.7211247086524963, "17": 0.729682445526123, "18": 0.7266509532928467, "19": 0.7286849617958069, "20": 0.7301127314567566, "21": 0.7319380044937134, "22": 0.7247697710990906, "23": 0.7261084914207458, "24": 0.7283449769020081, "25": 0.7298206686973572, "26": 0.7267608642578125, "27": 0.7194873094558716, "28": 0.724399983882904, "29": 0.7157618999481201, "30": 0.7187932729721069, "31": 0.7144752740859985, "32": 0.7166630029678345, "33": 0.7155666947364807, "34": 0.7221341729164124, "35": 0.7234951853752136, "36": 0.7202244400978088, "37": 0.7190164923667908, "38": 0.7204194068908691, "39": 0.7134583592414856, "40": 0.7210093140602112, "41": 0.7243605256080627, "42": 0.7182313799858093, "43": 0.7150994539260864, "44": 0.7144994139671326, "45": 0.7099239826202393, "46": 0.7141553163528442, "47": 0.7158781290054321, "48": 0.7141199111938477, "49": 0.7184848785400391, "50": 0.7186379432678223, "51": 0.7206071615219116, "52": 0.7207469344139099, "53": 0.7181519269943237, "54": 0.7128593921661377, "55": 0.718330442905426, "56": 0.7157943248748779, "57": 0.7307536005973816, "58": 0.7214970588684082, "59": 0.7185474038124084, "60": 0.7208967208862305, "61": 0.7172950506210327, "62": 0.7170332670211792, "63": 0.715287983417511, "64": 0.7143476009368896, "65": 0.7154611349105835, "66": 0.7162408232688904, "67": 0.7128126621246338, "68": 0.7143561840057373, "69": 0.7155142426490784, "70": 0.7079322934150696, "71": 0.715508222579956, "72": 0.7141669988632202, "73": 0.7134931087493896, "74": 0.7121694684028625, "75": 0.7117235660552979, "76": 0.7129431366920471, "77": 0.7111791968345642, "78": 0.7116063833236694, "79": 0.7047383785247803, "80": 0.7059457898139954, "81": 0.7027577757835388, "82": 0.7093042731285095, "83": 0.7049211859703064, "84": 0.7017665505409241, "85": 0.7013875246047974, "86": 0.7003270983695984, "87": 0.6997513175010681, "88": 0.7014552354812622, "89": 0.7017791271209717, "90": 0.7021605968475342, "91": 0.7018803954124451, "92": 0.7007204294204712, "93": 0.6994358897209167, "94": 0.6981032490730286, "95": 0.6989940404891968, "96": 0.6984862089157104, "97": 0.696712076663971, "98": 0.6985689401626587, "99": 0.698922872543335, "100": 0.6997277736663818, "101": 0.6992810964584351, "102": 0.6987770199775696, "103": 0.6990920305252075, "104": 0.6989220380783081, "105": 0.698127031326294, "106": 0.6973211169242859, "107": 0.6971163749694824, "108": 0.6968916058540344, "109": 0.6954675912857056, "110": 0.6955347657203674, "111": 0.6964511871337891, "112": 0.6963921785354614, "113": 0.6963769197463989, "114": 0.6963925361633301, "115": 0.6963899731636047, "116": 0.6963309049606323, "117": 0.6962850689888, "118": 0.6962823271751404, "119": 0.6962599754333496, "120": 0.6962006092071533, "121": 0.6961842179298401, "122": 0.6961472034454346, "123": 0.6961398720741272}}