{"final": 0.7485026717185974, "results": {"0": 0.49263015389442444, "1": 0.49890848994255066, "2": 0.5039770007133484, "3": 0.5032596588134766, "4": 0.5688045620918274, "5": 0.5830710530281067, "6": 0.5992317795753479, "7": 0.6065369844436646, "8": 0.5942918062210083, "9": 0.5358148813247681, "10": 0.49008485674858093, "11": 0.48948124051094055, "12": 0.547463595867157, "13": 0.5763599276542664, "14": 0.5907249450683594, "15": 0.5261271595954895, "16": 0.5134555101394653, "17": 0.5650355219841003, "18": 0.581794023513794, "19": 0.6147629618644714, "20": 0.5857335925102234, "21": 0.5885863900184631, "22": 0.6183123588562012, "23": 0.6398645639419556, "24": 0.6357986927032471, "25": 0.6291933655738831, "26": 0.6250037550926208, "27": 0.6599632501602173, "28": 0.448411762714386, "29": 0.5130618214607239, "30": 0.5455590486526489, "31": 0.4831371009349823, "32": 0.47913673520088196, "33": 0.5617473125457764, "34": 0.5479628443717957, "35": 0.5635573863983154, "36": 0.5719670057296753, "37": 0.5717460513114929, "38": 0.5621271729469299, "39": 0.5484232902526855, "40": 0.6022685766220093, "41": 0.5268173813819885, "42": 0.5324527025222778, "43": 0.5336819887161255, "44": 0.5330522656440735, "45": 0.5348141193389893, "46": 0.5435366630554199, "47": 0.5815646052360535, "48": 0.5901285409927368, "49": 0.5752463340759277, "50": 0.5233357548713684, "51": 0.5940280556678772, "52": 0.5790007710456848, "53": 0.5968907475471497, "54": 0.6058303117752075, "55": 0.5887434482574463, "56": 0.4953579604625702, "57": 0.41853317618370056, "58": 0.5558730363845825, "59": 0.6201073527336121, "60": 0.6358779072761536, "61": 0.6484202146530151, "62": 0.6474669575691223, "63": 0.6598320603370667, "64": 0.6652567982673645, "65": 0.6664391160011292, "66": 0.670722246170044, "67": 0.6702131032943726, "68": 0.6666283011436462, "69": 0.6767294406890869, "70": 0.6745415925979614, "71": 0.6807953715324402, "72": 0.6789394617080688, "73": 0.6812266707420349, "74": 0.6841897368431091, "75": 0.6850133538246155, "76": 0.6894775032997131, "77": 0.6929527521133423, "78": 0.6919523477554321, "79": 0.7025589346885681, "80": 0.7031599283218384, "81": 0.7057915329933167, "82": 0.7093189358711243, "83": 0.7113710045814514, "84": 0.7092551589012146, "85": 0.7062654495239258, "86": 0.7167975306510925, "87": 0.7180066704750061, "88": 0.7202660441398621, "89": 0.7198209762573242, "90": 0.7245910167694092, "91": 0.7250159382820129, "92": 0.7260820865631104, "93": 0.7300348877906799, "94": 0.7309303879737854, "95": 0.7296851277351379, "96": 0.7297326326370239, "97": 0.7305633425712585, "98": 0.733690083026886, "99": 0.7356630563735962, "100": 0.7367241382598877, "101": 0.7387409210205078, "102": 0.7413343191146851, "103": 0.7419779300689697, "104": 0.7430058121681213, "105": 0.7444319725036621, "106": 0.7457758188247681, "107": 0.7467822432518005, "108": 0.7472880482673645, "109": 0.7470324635505676, "110": 0.7477632761001587, "111": 0.7477009296417236, "112": 0.7478702068328857, "113": 0.7479941844940186, "114": 0.7479978203773499, "115": 0.7480859756469727, "116": 0.7481412887573242, "117": 0.74815434217453, "118": 0.7481976747512817, "119": 0.7482771277427673, "120": 0.7483197450637817, "121": 0.7483540177345276, "122": 0.7484114170074463, "123": 0.7485026717185974}}