{"final": 0.7331388592720032, "results": {"0": 0.47455528378486633, "1": 0.49698835611343384, "2": 0.5696960687637329, "3": 0.6185017824172974, "4": 0.6561241149902344, "5": 0.6476491689682007, "6": 0.67783123254776, "7": 0.6699872016906738, "8": 0.6813070774078369, "9": 0.6899428963661194, "10": 0.6955241560935974, "11": 0.6797981858253479, "12": 0.6537332534790039, "13": 0.6663159728050232, "14": 0.6779962778091431, "15": 0.6752296090126038, "16": 0.674811065196991, "17": 0.6711964011192322, "18": 0.6756645441055298, "19": 0.6778273582458496, "20": 0.6839167475700378, "21": 0.6904905438423157, "22": 0.6965857744216919, "23": 0.7112616896629333, "24": 0.7147613167762756, "25": 0.7201532125473022, "26": 0.7234981656074524, "27": 0.7227766513824463, "28": 0.7270668745040894, "29": 0.7234996557235718, "30": 0.720962405204773, "31": 0.7044079899787903, "32": 0.7333706617355347, "33": 0.7328214049339294, "34": 0.728852391242981, "35": 0.7349749207496643, "36": 0.7326682209968567, "37": 0.7429059743881226, "38": 0.7395302653312683, "39": 0.7323749661445618, "40": 0.7318631410598755, "41": 0.745137095451355, "42": 0.7397806644439697, "43": 0.7371852993965149, "44": 0.7260857224464417, "45": 0.7332885265350342, "46": 0.7420139312744141, "47": 0.7521726489067078, "48": 0.7444629669189453, "49": 0.7414287328720093, "50": 0.7431744933128357, "51": 0.7415878176689148, "52": 0.7453098893165588, "53": 0.7447113394737244, "54": 0.7454792261123657, "55": 0.7496917247772217, "56": 0.7544570565223694, "57": 0.7451832294464111, "58": 0.7443485856056213, "59": 0.7447335124015808, "60": 0.752383828163147, "61": 0.7444145679473877, "62": 0.7480722069740295, "63": 0.7432511448860168, "64": 0.7450131773948669, "65": 0.7486775517463684, "66": 0.7473296523094177, "67": 0.7366247773170471, "68": 0.7518008947372437, "69": 0.7437129616737366, "70": 0.7398124933242798, "71": 0.7508227229118347, "72": 0.747869610786438, "73": 0.7435726523399353, "74": 0.7428669333457947, "75": 0.7388940453529358, "76": 0.7278227806091309, "77": 0.7341518402099609, "78": 0.7345431447029114, "79": 0.7396968007087708, "80": 0.7415764927864075, "81": 0.7443857789039612, "82": 0.7397704720497131, "83": 0.7400015592575073, "84": 0.7386676669120789, "85": 0.7340875267982483, "86": 0.7147173881530762, "87": 0.6976173520088196, "88": 0.731399655342102, "89": 0.7341131567955017, "90": 0.7347311973571777, "91": 0.7361695170402527, "92": 0.7356463074684143, "93": 0.7374455332756042, "94": 0.7354031801223755, "95": 0.7354267239570618, "96": 0.7365895509719849, "97": 0.7379118800163269, "98": 0.7364349961280823, "99": 0.7360115051269531, "100": 0.7363427877426147, "101": 0.7360339164733887, "102": 0.7338529825210571, "103": 0.7345783710479736, "104": 0.7345668077468872, "105": 0.7333956360816956, "106": 0.7329330444335938, "107": 0.7320125102996826, "108": 0.7330640554428101, "109": 0.7330317497253418, "110": 0.7329686880111694, "111": 0.7333900928497314, "112": 0.7334255576133728, "113": 0.7333577871322632, "114": 0.7333657741546631, "115": 0.733368992805481, "116": 0.7333076000213623, "117": 0.7333120703697205, "118": 0.7332920432090759, "119": 0.7332459688186646, "120": 0.7331492304801941, "121": 0.7331414222717285, "122": 0.7331311702728271, "123": 0.7331388592720032}}