{"final": 0.4990164041519165, "results": {"0": 0.48799288272857666, "1": 0.49570173025131226, "2": 0.49617400765419006, "3": 0.5474733710289001, "4": 0.4991423487663269, "5": 0.5494027733802795, "6": 0.5665897727012634, "7": 0.5100268721580505, "8": 0.5187050700187683, "9": 0.5240718126296997, "10": 0.5285828709602356, "11": 0.5260357856750488, "12": 0.5423030257225037, "13": 0.5488404631614685, "14": 0.5626577138900757, "15": 0.575272262096405, "16": 0.5754856467247009, "17": 0.4811052680015564, "18": 0.47563061118125916, "19": 0.4990170896053314, "20": 0.4990164041519165, "21": 0.4990170896053314, "22": 0.499015748500824, "23": 0.4990164041519165, "24": 0.4990164041519165, "25": 0.499015748500824, "26": 0.4990164041519165, "27": 0.4990164041519165, "28": 0.4990164041519165, "29": 0.499015748500824, "30": 0.49901705980300903, "31": 0.4990164041519165, "32": 0.499015748500824, "33": 0.4990164041519165, "34": 0.49901705980300903, "35": 0.4990164041519165, "36": 0.4990164041519165, "37": 0.499015748500824, "38": 0.499015748500824, "39": 0.49901506304740906, "40": 0.4990164041519165, "41": 0.4990164041519165, "42": 0.4990157186985016, "43": 0.4990170896053314, "44": 0.4990157186985016, "45": 0.4990164041519165, "46": 0.4990164041519165, "47": 0.4990170896053314, "48": 0.499015748500824, "49": 0.499015748500824, "50": 0.499015748500824, "51": 0.4990164041519165, "52": 0.4990164041519165, "53": 0.4990164041519165, "54": 0.499015748500824, "55": 0.4990164041519165, "56": 0.4990164041519165, "57": 0.499015748500824, "58": 0.4990150034427643, "59": 0.4990164041519165, "60": 0.4990157186985016, "61": 0.4990170896053314, "62": 0.4990164041519165, "63": 0.4990170896053314, "64": 0.4990157186985016, "65": 0.4990164041519165, "66": 0.499015748500824, "67": 0.499015748500824, "68": 0.4990164041519165, "69": 0.4990164041519165, "70": 0.4990164637565613, "71": 0.4990164041519165, "72": 0.4990164041519165, "73": 0.4990164041519165, "74": 0.4990164041519165, "75": 0.4990157186985016, "76": 0.4990164041519165, "77": 0.4990164041519165, "78": 0.4990164041519165, "79": 0.49901705980300903, "80": 0.499015748500824, "81": 0.4990164041519165, "82": 0.4990164041519165, "83": 0.4990164041519165, "84": 0.4990164041519165, "85": 0.4990170896053314, "86": 0.4990170896053314, "87": 0.4990164041519165, "88": 0.49901777505874634, "89": 0.4990170896053314, "90": 0.4990170896053314, "91": 0.49901705980300903, "92": 0.49901634454727173, "93": 0.4990164041519165, "94": 0.4990164041519165, "95": 0.4990164041519165, "96": 0.4990164041519165, "97": 0.4990157186985016, "98": 0.4990170896053314, "99": 0.49901705980300903, "100": 0.499015748500824, "101": 0.4990164041519165, "102": 0.49901774525642395, "103": 0.4990164041519165, "104": 0.4990164041519165, "105": 0.4990164041519165, "106": 0.49901705980300903, "107": 0.4990164041519165, "108": 0.49901705980300903, "109": 0.4990164041519165, "110": 0.4990170896053314, "111": 0.4990164041519165, "112": 0.4990170896053314, "113": 0.49901774525642395, "114": 0.49901705980300903, "115": 0.49901506304740906, "116": 0.4990157186985016, "117": 0.4990164041519165, "118": 0.49901705980300903, "119": 0.4990170896053314, "120": 0.4990164041519165, "121": 0.4990164041519165, "122": 0.4990164041519165, "123": 0.4990164041519165}}