{"final": 0.7259789705276489, "results": {"0": 0.5161650776863098, "1": 0.5159472823143005, "2": 0.6091547608375549, "3": 0.6525319218635559, "4": 0.6591943502426147, "5": 0.6719173192977905, "6": 0.6756243109703064, "7": 0.684429407119751, "8": 0.6946381330490112, "9": 0.7019094824790955, "10": 0.7061558365821838, "11": 0.6986646056175232, "12": 0.71516352891922, "13": 0.7127168774604797, "14": 0.7196959257125854, "15": 0.7225472331047058, "16": 0.7320062518119812, "17": 0.7325056195259094, "18": 0.7374413013458252, "19": 0.7342469096183777, "20": 0.7325496673583984, "21": 0.7293919920921326, "22": 0.7337093353271484, "23": 0.7330576181411743, "24": 0.7278369665145874, "25": 0.7227485179901123, "26": 0.7305468320846558, "27": 0.7299867272377014, "28": 0.7311458587646484, "29": 0.7294431328773499, "30": 0.7260943055152893, "31": 0.7199763655662537, "32": 0.7304784059524536, "33": 0.7231683135032654, "34": 0.7266756892204285, "35": 0.7291077375411987, "36": 0.7312148213386536, "37": 0.7271738648414612, "38": 0.7262106537818909, "39": 0.7274945974349976, "40": 0.7254749536514282, "41": 0.7304809093475342, "42": 0.7305988073348999, "43": 0.7247017621994019, "44": 0.7263277769088745, "45": 0.7320127487182617, "46": 0.729054868221283, "47": 0.723546028137207, "48": 0.7269895672798157, "49": 0.7279782295227051, "50": 0.732639729976654, "51": 0.7257359623908997, "52": 0.7308801412582397, "53": 0.7296947240829468, "54": 0.7266222834587097, "55": 0.7303900122642517, "56": 0.7294723987579346, "57": 0.7294784784317017, "58": 0.7246094346046448, "59": 0.7219428420066833, "60": 0.7265070676803589, "61": 0.718104898929596, "62": 0.7199673652648926, "63": 0.7207311391830444, "64": 0.7209302186965942, "65": 0.7187816500663757, "66": 0.7205685377120972, "67": 0.7224872708320618, "68": 0.7233982086181641, "69": 0.7212800979614258, "70": 0.7172046303749084, "71": 0.7214698195457458, "72": 0.71725994348526, "73": 0.7211031317710876, "74": 0.7188652753829956, "75": 0.7169035077095032, "76": 0.7236534357070923, "77": 0.7226582169532776, "78": 0.7203987836837769, "79": 0.7231496572494507, "80": 0.7222912907600403, "81": 0.7255872488021851, "82": 0.7248929738998413, "83": 0.7249525785446167, "84": 0.7250128388404846, "85": 0.7265689373016357, "86": 0.726580023765564, "87": 0.7266592979431152, "88": 0.7267521023750305, "89": 0.7269570827484131, "90": 0.7281830906867981, "91": 0.7271010875701904, "92": 0.7263575196266174, "93": 0.7272937297821045, "94": 0.7257861495018005, "95": 0.7263146638870239, "96": 0.728763997554779, "97": 0.7278493642807007, "98": 0.727416455745697, "99": 0.7276026010513306, "100": 0.7269705533981323, "101": 0.7262428998947144, "102": 0.7251331210136414, "103": 0.7253639698028564, "104": 0.7256090641021729, "105": 0.7259045839309692, "106": 0.7258467078208923, "107": 0.7257460355758667, "108": 0.7256981730461121, "109": 0.7261223793029785, "110": 0.7264347672462463, "111": 0.7263663411140442, "112": 0.7263631224632263, "113": 0.726416289806366, "114": 0.7263465523719788, "115": 0.7263124585151672, "116": 0.7263171672821045, "117": 0.7262639999389648, "118": 0.7262287139892578, "119": 0.7261873483657837, "120": 0.7261285185813904, "121": 0.7260966300964355, "122": 0.7260217070579529, "123": 0.7259789705276489}}