{"final": 0.7115632891654968, "results": {"0": 0.4895990192890167, "1": 0.5365177989006042, "2": 0.4837864339351654, "3": 0.4361087381839752, "4": 0.45419934391975403, "5": 0.5193418264389038, "6": 0.5313118100166321, "7": 0.5543574690818787, "8": 0.5381776690483093, "9": 0.5444121956825256, "10": 0.447460412979126, "11": 0.5670573115348816, "12": 0.6341573596000671, "13": 0.6533982157707214, "14": 0.649498701095581, "15": 0.6382024884223938, "16": 0.6677699685096741, "17": 0.6704029440879822, "18": 0.6803632378578186, "19": 0.6802423596382141, "20": 0.6737664937973022, "21": 0.6819257736206055, "22": 0.6141130328178406, "23": 0.6420374512672424, "24": 0.6631044745445251, "25": 0.6979633569717407, "26": 0.7040829062461853, "27": 0.7077630162239075, "28": 0.7240903973579407, "29": 0.725043773651123, "30": 0.7396942973136902, "31": 0.7430983781814575, "32": 0.7455011606216431, "33": 0.7468729615211487, "34": 0.7506876587867737, "35": 0.7419115304946899, "36": 0.739849865436554, "37": 0.7461420297622681, "38": 0.7518402338027954, "39": 0.7501046061515808, "40": 0.7537305951118469, "41": 0.7589889764785767, "42": 0.7556610107421875, "43": 0.7483105063438416, "44": 0.7568161487579346, "45": 0.7601308226585388, "46": 0.7461751699447632, "47": 0.7497921586036682, "48": 0.7589362859725952, "49": 0.7561754584312439, "50": 0.7575449347496033, "51": 0.750744640827179, "52": 0.7530629634857178, "53": 0.7408649325370789, "54": 0.7549826502799988, "55": 0.7486351132392883, "56": 0.7455911040306091, "57": 0.7471996545791626, "58": 0.746747612953186, "59": 0.7450857758522034, "60": 0.7388587594032288, "61": 0.7432264685630798, "62": 0.7413861751556396, "63": 0.7428989410400391, "64": 0.7372813820838928, "65": 0.7407860159873962, "66": 0.7355939745903015, "67": 0.7410458922386169, "68": 0.7406917214393616, "69": 0.7387703061103821, "70": 0.7378409504890442, "71": 0.735105037689209, "72": 0.731997549533844, "73": 0.7393643260002136, "74": 0.7345413565635681, "75": 0.7341835498809814, "76": 0.7347767949104309, "77": 0.7336400151252747, "78": 0.7308342456817627, "79": 0.731457531452179, "80": 0.7280027866363525, "81": 0.7216637134552002, "82": 0.7270506024360657, "83": 0.7271469831466675, "84": 0.7258778214454651, "85": 0.7230502963066101, "86": 0.7222948670387268, "87": 0.7223665118217468, "88": 0.7260297536849976, "89": 0.7204074263572693, "90": 0.7193291187286377, "91": 0.717807412147522, "92": 0.7176260948181152, "93": 0.7178824543952942, "94": 0.7170653939247131, "95": 0.7175333499908447, "96": 0.7171725630760193, "97": 0.7156029939651489, "98": 0.7159943580627441, "99": 0.7149050831794739, "100": 0.7155293822288513, "101": 0.7142692804336548, "102": 0.7139880657196045, "103": 0.7140361666679382, "104": 0.7146900296211243, "105": 0.7142449021339417, "106": 0.7134348154067993, "107": 0.7135279774665833, "108": 0.7135546803474426, "109": 0.7135398387908936, "110": 0.7126486897468567, "111": 0.7123860716819763, "112": 0.7121584415435791, "113": 0.7119977474212646, "114": 0.711942195892334, "115": 0.7119413018226624, "116": 0.7118610739707947, "117": 0.7118212580680847, "118": 0.7117747664451599, "119": 0.7117206454277039, "120": 0.7116524577140808, "121": 0.7116442322731018, "122": 0.7115557193756104, "123": 0.7115632891654968}}