{"final": 0.6988335847854614, "results": {"0": 0.4895366430282593, "1": 0.4955228269100189, "2": 0.5005056262016296, "3": 0.51212078332901, "4": 0.49505189061164856, "5": 0.498812198638916, "6": 0.4997173249721527, "7": 0.4989258944988251, "8": 0.49852079153060913, "9": 0.5003008246421814, "10": 0.5012331604957581, "11": 0.5036962032318115, "12": 0.5037881135940552, "13": 0.5034993886947632, "14": 0.504865288734436, "15": 0.4969351589679718, "16": 0.5229042172431946, "17": 0.4947231411933899, "18": 0.5062806010246277, "19": 0.5143762826919556, "20": 0.5441382527351379, "21": 0.6200871467590332, "22": 0.6428300738334656, "23": 0.651523232460022, "24": 0.6579111218452454, "25": 0.6498733162879944, "26": 0.6044057607650757, "27": 0.6483751535415649, "28": 0.6668738722801208, "29": 0.6621139645576477, "30": 0.6608469486236572, "31": 0.6593380570411682, "32": 0.6654158234596252, "33": 0.6731411218643188, "34": 0.6786088943481445, "35": 0.683312177658081, "36": 0.6750417947769165, "37": 0.6797538995742798, "38": 0.6825574040412903, "39": 0.6819807887077332, "40": 0.6916028261184692, "41": 0.6773039102554321, "42": 0.6865153908729553, "43": 0.6925707459449768, "44": 0.6717257499694824, "45": 0.687667965888977, "46": 0.6868800520896912, "47": 0.6922187209129333, "48": 0.6937380433082581, "49": 0.6980796456336975, "50": 0.6973262429237366, "51": 0.6956981420516968, "52": 0.6933266520500183, "53": 0.7074571847915649, "54": 0.7053596377372742, "55": 0.7063983678817749, "56": 0.7077980041503906, "57": 0.6997271776199341, "58": 0.7054225206375122, "59": 0.7130286693572998, "60": 0.7055867910385132, "61": 0.7072941064834595, "62": 0.7104026079177856, "63": 0.7093769311904907, "64": 0.7078314423561096, "65": 0.708358883857727, "66": 0.7141481041908264, "67": 0.7116210460662842, "68": 0.7141191363334656, "69": 0.7089592814445496, "70": 0.7135138511657715, "71": 0.7154859900474548, "72": 0.709575355052948, "73": 0.7118872404098511, "74": 0.712390661239624, "75": 0.7118074297904968, "76": 0.7138229012489319, "77": 0.7136251926422119, "78": 0.7129859328269958, "79": 0.7102698087692261, "80": 0.7094262838363647, "81": 0.7060579061508179, "82": 0.7079030871391296, "83": 0.7068040370941162, "84": 0.7068300843238831, "85": 0.7060692310333252, "86": 0.7042045593261719, "87": 0.7051052451133728, "88": 0.7036656141281128, "89": 0.7021104097366333, "90": 0.7001288533210754, "91": 0.7001978754997253, "92": 0.7005042433738708, "93": 0.7006716728210449, "94": 0.7000572681427002, "95": 0.7011283040046692, "96": 0.7017653584480286, "97": 0.7013437747955322, "98": 0.7010018229484558, "99": 0.7008297443389893, "100": 0.7011879682540894, "101": 0.7015407681465149, "102": 0.7011852860450745, "103": 0.7014687061309814, "104": 0.7011141777038574, "105": 0.6999984979629517, "106": 0.6998456120491028, "107": 0.6999604105949402, "108": 0.698756754398346, "109": 0.6985305547714233, "110": 0.6987940073013306, "111": 0.6993652582168579, "112": 0.6992350816726685, "113": 0.6991434097290039, "114": 0.699093759059906, "115": 0.6990480422973633, "116": 0.6990444660186768, "117": 0.6989954113960266, "118": 0.6990163922309875, "119": 0.6989375948905945, "120": 0.6989074349403381, "121": 0.6988714933395386, "122": 0.6988515257835388, "123": 0.6988335847854614}}