{"final": 0.7137817144393921, "results": {"0": 0.5095005631446838, "1": 0.5553624033927917, "2": 0.5681261420249939, "3": 0.5930428504943848, "4": 0.6158014535903931, "5": 0.6384084820747375, "6": 0.6330710649490356, "7": 0.6693630218505859, "8": 0.6476994156837463, "9": 0.6823734641075134, "10": 0.7079159021377563, "11": 0.7126293182373047, "12": 0.7214679718017578, "13": 0.7269812822341919, "14": 0.7414966225624084, "15": 0.7446836233139038, "16": 0.737878680229187, "17": 0.7432862520217896, "18": 0.7543118000030518, "19": 0.7588576674461365, "20": 0.7595651149749756, "21": 0.7406904697418213, "22": 0.7486073970794678, "23": 0.7533401846885681, "24": 0.7522624731063843, "25": 0.7468703389167786, "26": 0.7596787810325623, "27": 0.7615149617195129, "28": 0.7620760202407837, "29": 0.7657000422477722, "30": 0.7609636187553406, "31": 0.7643494009971619, "32": 0.7603808045387268, "33": 0.7646192312240601, "34": 0.7599154710769653, "35": 0.7506285309791565, "36": 0.7520341277122498, "37": 0.7494819164276123, "38": 0.7538869380950928, "39": 0.7536749839782715, "40": 0.7444375157356262, "41": 0.7501173615455627, "42": 0.7563234567642212, "43": 0.7532930970191956, "44": 0.7443773150444031, "45": 0.7580077648162842, "46": 0.7517218589782715, "47": 0.7500163912773132, "48": 0.7430192232131958, "49": 0.7439587712287903, "50": 0.7396594882011414, "51": 0.7416883707046509, "52": 0.7395464181900024, "53": 0.7408309578895569, "54": 0.7382721304893494, "55": 0.7399411201477051, "56": 0.7373905181884766, "57": 0.7428385615348816, "58": 0.741886556148529, "59": 0.7334531545639038, "60": 0.7347665429115295, "61": 0.7357061505317688, "62": 0.7326116561889648, "63": 0.7339556217193604, "64": 0.7380238771438599, "65": 0.7345867156982422, "66": 0.7320009469985962, "67": 0.7332375049591064, "68": 0.7356635928153992, "69": 0.7349306344985962, "70": 0.7368674874305725, "71": 0.7360725998878479, "72": 0.7349122762680054, "73": 0.7309667468070984, "74": 0.7319069504737854, "75": 0.7355793714523315, "76": 0.7388244867324829, "77": 0.7327311038970947, "78": 0.7354446053504944, "79": 0.7334517240524292, "80": 0.7291079163551331, "81": 0.7291374802589417, "82": 0.7313958406448364, "83": 0.7292142510414124, "84": 0.7296168208122253, "85": 0.7230491042137146, "86": 0.7255178689956665, "87": 0.7270759344100952, "88": 0.7253193855285645, "89": 0.7232522964477539, "90": 0.7249411940574646, "91": 0.7210676670074463, "92": 0.723771870136261, "93": 0.721520185470581, "94": 0.7224786877632141, "95": 0.7205298542976379, "96": 0.7217796444892883, "97": 0.7202744483947754, "98": 0.7179110646247864, "99": 0.7193837761878967, "100": 0.7156148552894592, "101": 0.7159723043441772, "102": 0.7145819664001465, "103": 0.7148558497428894, "104": 0.7154686450958252, "105": 0.7148140072822571, "106": 0.7155260443687439, "107": 0.7144905924797058, "108": 0.7152550220489502, "109": 0.7159920930862427, "110": 0.714720606803894, "111": 0.714449405670166, "112": 0.714292585849762, "113": 0.7142208218574524, "114": 0.7141762971878052, "115": 0.7141393423080444, "116": 0.7140882015228271, "117": 0.7141550183296204, "118": 0.7140880823135376, "119": 0.7140468955039978, "120": 0.7139534950256348, "121": 0.7139016389846802, "122": 0.7138532400131226, "123": 0.7137817144393921}}