{"final": 0.7164157629013062, "results": {"0": 0.5086978673934937, "1": 0.5280454158782959, "2": 0.5410969257354736, "3": 0.5351874232292175, "4": 0.5332792401313782, "5": 0.4841482937335968, "6": 0.5385062098503113, "7": 0.5859048366546631, "8": 0.465356707572937, "9": 0.49747100472450256, "10": 0.4688597321510315, "11": 0.4615691006183624, "12": 0.5720157623291016, "13": 0.5385270118713379, "14": 0.4361059367656708, "15": 0.5324434041976929, "16": 0.5040156245231628, "17": 0.5422966480255127, "18": 0.5029869675636292, "19": 0.6406570672988892, "20": 0.6438438892364502, "21": 0.6608148813247681, "22": 0.683491051197052, "23": 0.693930447101593, "24": 0.7016053795814514, "25": 0.7044770121574402, "26": 0.7067418098449707, "27": 0.7077454328536987, "28": 0.7072921395301819, "29": 0.7100305557250977, "30": 0.7062494158744812, "31": 0.7182195782661438, "32": 0.7218741178512573, "33": 0.7238039374351501, "34": 0.7319743037223816, "35": 0.7380326986312866, "36": 0.7100463509559631, "37": 0.7353786826133728, "38": 0.7399300932884216, "39": 0.7405058145523071, "40": 0.7428095936775208, "41": 0.7439829707145691, "42": 0.7420183420181274, "43": 0.7395842671394348, "44": 0.7444570660591125, "45": 0.7443403005599976, "46": 0.7436059713363647, "47": 0.7432017922401428, "48": 0.7442902326583862, "49": 0.7400089502334595, "50": 0.7378962635993958, "51": 0.7407463192939758, "52": 0.738837718963623, "53": 0.739719569683075, "54": 0.7363367080688477, "55": 0.733841061592102, "56": 0.730970025062561, "57": 0.7253533601760864, "58": 0.7235311269760132, "59": 0.7189409136772156, "60": 0.720906138420105, "61": 0.7187207937240601, "62": 0.7207866311073303, "63": 0.7185996770858765, "64": 0.7220292687416077, "65": 0.7233293056488037, "66": 0.7209442853927612, "67": 0.7221894264221191, "68": 0.7189411520957947, "69": 0.7218880653381348, "70": 0.7234341502189636, "71": 0.7222815155982971, "72": 0.7226094007492065, "73": 0.7195377945899963, "74": 0.7226282358169556, "75": 0.7213132977485657, "76": 0.7212162017822266, "77": 0.7215142846107483, "78": 0.7200872302055359, "79": 0.7211026549339294, "80": 0.7195684909820557, "81": 0.7204911112785339, "82": 0.718756914138794, "83": 0.7185168862342834, "84": 0.7211591005325317, "85": 0.7192316055297852, "86": 0.7193311452865601, "87": 0.7185819745063782, "88": 0.7197991609573364, "89": 0.7179977893829346, "90": 0.7217087745666504, "91": 0.7203152179718018, "92": 0.7204470038414001, "93": 0.7184562683105469, "94": 0.7171998620033264, "95": 0.7174901366233826, "96": 0.7167162299156189, "97": 0.7165103554725647, "98": 0.7145271301269531, "99": 0.7135344743728638, "100": 0.7143923044204712, "101": 0.7136183977127075, "102": 0.7141363024711609, "103": 0.7153084874153137, "104": 0.7149989604949951, "105": 0.717021107673645, "106": 0.7170836925506592, "107": 0.7149543762207031, "108": 0.715979814529419, "109": 0.7160727977752686, "110": 0.7163146138191223, "111": 0.7163368463516235, "112": 0.71641606092453, "113": 0.7163890600204468, "114": 0.7164355516433716, "115": 0.7164212465286255, "116": 0.7164257168769836, "117": 0.7164096832275391, "118": 0.7164052724838257, "119": 0.7164212465286255, "120": 0.7164182066917419, "121": 0.7164208292961121, "122": 0.7163983583450317, "123": 0.7164156436920166}}