{"final": 0.7254433631896973, "results": {"0": 0.491959810256958, "1": 0.4958629906177521, "2": 0.4952080547809601, "3": 0.4941829442977905, "4": 0.49818533658981323, "5": 0.5080661773681641, "6": 0.5229759812355042, "7": 0.5705074667930603, "8": 0.6095624566078186, "9": 0.5776993632316589, "10": 0.5925471782684326, "11": 0.4524535536766052, "12": 0.5736434459686279, "13": 0.6477742195129395, "14": 0.6510418653488159, "15": 0.6359164714813232, "16": 0.6629807949066162, "17": 0.6811956763267517, "18": 0.6854491829872131, "19": 0.6865910887718201, "20": 0.6989306211471558, "21": 0.6948687434196472, "22": 0.696956217288971, "23": 0.7048130631446838, "24": 0.7161264419555664, "25": 0.7185001373291016, "26": 0.722743570804596, "27": 0.7276495695114136, "28": 0.7247754335403442, "29": 0.7313094139099121, "30": 0.7347077131271362, "31": 0.7268527150154114, "32": 0.7298352718353271, "33": 0.7344828248023987, "34": 0.7179538607597351, "35": 0.729722797870636, "36": 0.7307044267654419, "37": 0.7364708781242371, "38": 0.727155864238739, "39": 0.7350525856018066, "40": 0.7242440581321716, "41": 0.732986330986023, "42": 0.7285342812538147, "43": 0.6188737154006958, "44": 0.6693274974822998, "45": 0.6920644640922546, "46": 0.6952161192893982, "47": 0.7027668356895447, "48": 0.6833611726760864, "49": 0.6995437145233154, "50": 0.7092580199241638, "51": 0.7114809155464172, "52": 0.7171590924263, "53": 0.720705509185791, "54": 0.7198522090911865, "55": 0.7236294746398926, "56": 0.7269353270530701, "57": 0.7265433073043823, "58": 0.7289777994155884, "59": 0.7205334901809692, "60": 0.726324200630188, "61": 0.7285848259925842, "62": 0.7256402969360352, "63": 0.7271155118942261, "64": 0.7267413139343262, "65": 0.7279672026634216, "66": 0.7263302206993103, "67": 0.7267737984657288, "68": 0.7277040481567383, "69": 0.7278429269790649, "70": 0.7266547679901123, "71": 0.7255408763885498, "72": 0.7240662574768066, "73": 0.7247229218482971, "74": 0.7237257361412048, "75": 0.7246036529541016, "76": 0.7217350006103516, "77": 0.724757969379425, "78": 0.7234677672386169, "79": 0.7238122224807739, "80": 0.7238994836807251, "81": 0.724040150642395, "82": 0.723677933216095, "83": 0.7222592830657959, "84": 0.7211310267448425, "85": 0.7204821705818176, "86": 0.7219945192337036, "87": 0.7215529680252075, "88": 0.7230968475341797, "89": 0.723162055015564, "90": 0.724807620048523, "91": 0.725705623626709, "92": 0.7253128886222839, "93": 0.7248345017433167, "94": 0.7253389954566956, "95": 0.7246588468551636, "96": 0.7214978337287903, "97": 0.7222746014595032, "98": 0.7225164175033569, "99": 0.7237281203269958, "100": 0.725260853767395, "101": 0.7263085842132568, "102": 0.7254539132118225, "103": 0.7254917025566101, "104": 0.7250046133995056, "105": 0.7249599099159241, "106": 0.7246697545051575, "107": 0.7246613502502441, "108": 0.7245231866836548, "109": 0.7248061895370483, "110": 0.7251739501953125, "111": 0.7255735397338867, "112": 0.7255662083625793, "113": 0.7255614399909973, "114": 0.7255203723907471, "115": 0.7255280613899231, "116": 0.7255004048347473, "117": 0.7255261540412903, "118": 0.7255157828330994, "119": 0.7254562973976135, "120": 0.7254836559295654, "121": 0.725447416305542, "122": 0.7254539728164673, "123": 0.7254433631896973}}