{"final": 0.7109203338623047, "results": {"0": 0.49816566705703735, "1": 0.5048369765281677, "2": 0.5015541315078735, "3": 0.5239403247833252, "4": 0.45358166098594666, "5": 0.5036699175834656, "6": 0.5310675501823425, "7": 0.5493074059486389, "8": 0.5649644136428833, "9": 0.5582901835441589, "10": 0.5650784969329834, "11": 0.6031844615936279, "12": 0.6334409117698669, "13": 0.6255436539649963, "14": 0.6437292098999023, "15": 0.6204373836517334, "16": 0.666679859161377, "17": 0.6915560364723206, "18": 0.7043488621711731, "19": 0.7198220491409302, "20": 0.7197789549827576, "21": 0.7316442728042603, "22": 0.7287611961364746, "23": 0.7366924285888672, "24": 0.7369487881660461, "25": 0.7476893067359924, "26": 0.7449655532836914, "27": 0.7418497800827026, "28": 0.7453215718269348, "29": 0.7412459850311279, "30": 0.7492483258247375, "31": 0.7451692819595337, "32": 0.7413897514343262, "33": 0.7407113313674927, "34": 0.7415056228637695, "35": 0.7386963367462158, "36": 0.7392867207527161, "37": 0.7430036664009094, "38": 0.7368778586387634, "39": 0.7377687692642212, "40": 0.7357441186904907, "41": 0.7326233983039856, "42": 0.736692488193512, "43": 0.7366827726364136, "44": 0.7308068871498108, "45": 0.7305938005447388, "46": 0.7305265665054321, "47": 0.7281442880630493, "48": 0.7282174825668335, "49": 0.7329176664352417, "50": 0.7247356176376343, "51": 0.7255610823631287, "52": 0.7263728380203247, "53": 0.7307103276252747, "54": 0.7276078462600708, "55": 0.7271568179130554, "56": 0.7300639748573303, "57": 0.7300498485565186, "58": 0.7222404479980469, "59": 0.723452091217041, "60": 0.7198441028594971, "61": 0.7136899828910828, "62": 0.7198103666305542, "63": 0.7181477546691895, "64": 0.7155215740203857, "65": 0.715359091758728, "66": 0.7200079560279846, "67": 0.7110881805419922, "68": 0.7140106558799744, "69": 0.712493360042572, "70": 0.7128373384475708, "71": 0.7057861685752869, "72": 0.7046765089035034, "73": 0.7057576179504395, "74": 0.7052997350692749, "75": 0.7069272398948669, "76": 0.7058048248291016, "77": 0.7055116295814514, "78": 0.7154221534729004, "79": 0.7080447673797607, "80": 0.7122456431388855, "81": 0.7094232439994812, "82": 0.707336962223053, "83": 0.7107928395271301, "84": 0.7115983366966248, "85": 0.7078543901443481, "86": 0.7051703929901123, "87": 0.7104831337928772, "88": 0.7096855640411377, "89": 0.710767388343811, "90": 0.7075725793838501, "91": 0.7083399891853333, "92": 0.7074350714683533, "93": 0.7136780619621277, "94": 0.7101127505302429, "95": 0.7128913402557373, "96": 0.7136267423629761, "97": 0.7125717401504517, "98": 0.7124655842781067, "99": 0.7129643559455872, "100": 0.7120535969734192, "101": 0.7125152945518494, "102": 0.7099971771240234, "103": 0.7097195982933044, "104": 0.7092764973640442, "105": 0.7106714844703674, "106": 0.7097964882850647, "107": 0.7111688852310181, "108": 0.7120052576065063, "109": 0.7113751769065857, "110": 0.7114553451538086, "111": 0.7110670804977417, "112": 0.7112049460411072, "113": 0.7110745906829834, "114": 0.7110969424247742, "115": 0.7110635042190552, "116": 0.7110366821289062, "117": 0.7110155820846558, "118": 0.7110303044319153, "119": 0.7110517621040344, "120": 0.7110616564750671, "121": 0.7110128998756409, "122": 0.7110010385513306, "123": 0.7109203338623047}}