{"final": 0.7144864797592163, "results": {"0": 0.4928790032863617, "1": 0.5215420126914978, "2": 0.5072309374809265, "3": 0.511430561542511, "4": 0.5153257250785828, "5": 0.5670081973075867, "6": 0.5706077218055725, "7": 0.5808192491531372, "8": 0.4996347725391388, "9": 0.513009786605835, "10": 0.5204161405563354, "11": 0.5266538262367249, "12": 0.5287737250328064, "13": 0.53389573097229, "14": 0.5467438697814941, "15": 0.5514594316482544, "16": 0.6096394658088684, "17": 0.6048095226287842, "18": 0.45574861764907837, "19": 0.5405896902084351, "20": 0.5452947020530701, "21": 0.5669080018997192, "22": 0.5198149681091309, "23": 0.541588306427002, "24": 0.4865700304508209, "25": 0.5401610136032104, "26": 0.5106780529022217, "27": 0.565056562423706, "28": 0.5314486026763916, "29": 0.4718601107597351, "30": 0.48722022771835327, "31": 0.5325093865394592, "32": 0.5474103093147278, "33": 0.5476948022842407, "34": 0.5890623331069946, "35": 0.6541719436645508, "36": 0.6661075353622437, "37": 0.6633381843566895, "38": 0.6658669710159302, "39": 0.6720747947692871, "40": 0.6768380999565125, "41": 0.6775832772254944, "42": 0.6874247789382935, "43": 0.6906941533088684, "44": 0.6980387568473816, "45": 0.7041377425193787, "46": 0.7095479369163513, "47": 0.7132055759429932, "48": 0.7159576416015625, "49": 0.7165766954421997, "50": 0.7199580073356628, "51": 0.7211114168167114, "52": 0.7186453938484192, "53": 0.7211126685142517, "54": 0.7224711775779724, "55": 0.7255103588104248, "56": 0.7266181111335754, "57": 0.7280217409133911, "58": 0.7286544442176819, "59": 0.7328585386276245, "60": 0.7320830821990967, "61": 0.7340041995048523, "62": 0.7340050935745239, "63": 0.7307726144790649, "64": 0.7324731945991516, "65": 0.7325672507286072, "66": 0.7324823141098022, "67": 0.7330169677734375, "68": 0.7316790819168091, "69": 0.7301722168922424, "70": 0.7327867746353149, "71": 0.7359025478363037, "72": 0.727477490901947, "73": 0.7279546856880188, "74": 0.7265042662620544, "75": 0.7270315289497375, "76": 0.726645827293396, "77": 0.7222194671630859, "78": 0.7228330373764038, "79": 0.7203244566917419, "80": 0.7191080451011658, "81": 0.7203355431556702, "82": 0.7199571132659912, "83": 0.7185409665107727, "84": 0.7174997925758362, "85": 0.717158854007721, "86": 0.715624213218689, "87": 0.7169722318649292, "88": 0.7197668552398682, "89": 0.7227565050125122, "90": 0.7190538048744202, "91": 0.721091628074646, "92": 0.720152735710144, "93": 0.7203702330589294, "94": 0.7201177477836609, "95": 0.718407154083252, "96": 0.7190287709236145, "97": 0.718625545501709, "98": 0.7172505855560303, "99": 0.7171545624732971, "100": 0.7153509855270386, "101": 0.7147946357727051, "102": 0.7138265371322632, "103": 0.7143883109092712, "104": 0.7137991786003113, "105": 0.7137846946716309, "106": 0.7141079306602478, "107": 0.7142447233200073, "108": 0.7143697738647461, "109": 0.7147383093833923, "110": 0.7145439386367798, "111": 0.7146120667457581, "112": 0.7145282626152039, "113": 0.7144923806190491, "114": 0.7144860029220581, "115": 0.7145017385482788, "116": 0.7144959568977356, "117": 0.7144740223884583, "118": 0.7144596576690674, "119": 0.714493989944458, "120": 0.714459240436554, "121": 0.7144242525100708, "122": 0.7144375443458557, "123": 0.7144864797592163}}