{"final": 0.725872278213501, "results": {"0": 0.49439704418182373, "1": 0.48931699991226196, "2": 0.4946345090866089, "3": 0.5044585466384888, "4": 0.501212477684021, "5": 0.552071213722229, "6": 0.545868456363678, "7": 0.5694962739944458, "8": 0.5640268921852112, "9": 0.5783779621124268, "10": 0.662468671798706, "11": 0.6731840968132019, "12": 0.6850472092628479, "13": 0.6822934746742249, "14": 0.6898287534713745, "15": 0.705085039138794, "16": 0.705767035484314, "17": 0.7136000394821167, "18": 0.7155240774154663, "19": 0.7157982587814331, "20": 0.7180584073066711, "21": 0.7242289185523987, "22": 0.7211781740188599, "23": 0.7341606616973877, "24": 0.7393639087677002, "25": 0.7457537651062012, "26": 0.732562243938446, "27": 0.7527170777320862, "28": 0.746941089630127, "29": 0.7528290748596191, "30": 0.7462447285652161, "31": 0.7548753023147583, "32": 0.7510038018226624, "33": 0.748620867729187, "34": 0.7481244802474976, "35": 0.7489311099052429, "36": 0.7449144721031189, "37": 0.7484786510467529, "38": 0.7448849678039551, "39": 0.7359341979026794, "40": 0.7457581758499146, "41": 0.7453964948654175, "42": 0.7290847897529602, "43": 0.7447906136512756, "44": 0.7510193586349487, "45": 0.7487147450447083, "46": 0.7420668601989746, "47": 0.7498379945755005, "48": 0.7395948171615601, "49": 0.7471013069152832, "50": 0.7407922744750977, "51": 0.7356125116348267, "52": 0.7351576089859009, "53": 0.740348219871521, "54": 0.7432727813720703, "55": 0.7399997711181641, "56": 0.7369173765182495, "57": 0.733832597732544, "58": 0.7444432973861694, "59": 0.7442311644554138, "60": 0.7408402562141418, "61": 0.7377591133117676, "62": 0.7451754808425903, "63": 0.7372644543647766, "64": 0.7403541803359985, "65": 0.7363139390945435, "66": 0.7378755807876587, "67": 0.7375813722610474, "68": 0.7372099161148071, "69": 0.7322095632553101, "70": 0.7349028587341309, "71": 0.7340055108070374, "72": 0.736257791519165, "73": 0.7345628142356873, "74": 0.7322987914085388, "75": 0.7341002821922302, "76": 0.731610119342804, "77": 0.7320575714111328, "78": 0.7315625548362732, "79": 0.7316903471946716, "80": 0.7335611581802368, "81": 0.7327452898025513, "82": 0.7327967882156372, "83": 0.7322515249252319, "84": 0.7328938245773315, "85": 0.7315422892570496, "86": 0.7288357019424438, "87": 0.7311055064201355, "88": 0.7310158610343933, "89": 0.7287702560424805, "90": 0.7295659184455872, "91": 0.7275069355964661, "92": 0.7291557192802429, "93": 0.7256418466567993, "94": 0.728805422782898, "95": 0.7297054529190063, "96": 0.7285992503166199, "97": 0.7269976139068604, "98": 0.7264424562454224, "99": 0.7263936400413513, "100": 0.7273543477058411, "101": 0.7281627655029297, "102": 0.7270367741584778, "103": 0.7268905639648438, "104": 0.7266103029251099, "105": 0.7257986068725586, "106": 0.7258692979812622, "107": 0.726031482219696, "108": 0.7265871167182922, "109": 0.7262847423553467, "110": 0.7258554697036743, "111": 0.7261804342269897, "112": 0.7261402010917664, "113": 0.7261476516723633, "114": 0.7261243462562561, "115": 0.7261192798614502, "116": 0.7260926961898804, "117": 0.7260724902153015, "118": 0.7260429859161377, "119": 0.7260216474533081, "120": 0.7259776592254639, "121": 0.7259668111801147, "122": 0.725909411907196, "123": 0.7258721590042114}}