{"final": 0.7061470150947571, "results": {"0": 0.5141137838363647, "1": 0.5101945400238037, "2": 0.5109050273895264, "3": 0.5125098824501038, "4": 0.5148959159851074, "5": 0.5286598801612854, "6": 0.5361255407333374, "7": 0.5655472278594971, "8": 0.5243126749992371, "9": 0.5815256237983704, "10": 0.5581631660461426, "11": 0.5504037141799927, "12": 0.575495183467865, "13": 0.6281499862670898, "14": 0.6448350548744202, "15": 0.6551119685173035, "16": 0.6573728322982788, "17": 0.6580953001976013, "18": 0.6320322155952454, "19": 0.6439286470413208, "20": 0.6615188121795654, "21": 0.6661243438720703, "22": 0.6634107232093811, "23": 0.6810459494590759, "24": 0.6857911348342896, "25": 0.693244993686676, "26": 0.7053276300430298, "27": 0.7162452936172485, "28": 0.705612063407898, "29": 0.7280446887016296, "30": 0.7306541204452515, "31": 0.7309302091598511, "32": 0.7267348766326904, "33": 0.726526141166687, "34": 0.7316431999206543, "35": 0.7377599477767944, "36": 0.7360480427742004, "37": 0.7422901391983032, "38": 0.7425647377967834, "39": 0.7444994449615479, "40": 0.7466509938240051, "41": 0.7497761249542236, "42": 0.7495101690292358, "43": 0.7508636713027954, "44": 0.7562140822410583, "45": 0.7554747462272644, "46": 0.7522754669189453, "47": 0.7436866760253906, "48": 0.752274215221405, "49": 0.7432801127433777, "50": 0.7376000881195068, "51": 0.7346794605255127, "52": 0.7322708964347839, "53": 0.7326804399490356, "54": 0.7198721766471863, "55": 0.735494077205658, "56": 0.7273381948471069, "57": 0.7303677797317505, "58": 0.7221754193305969, "59": 0.7252942323684692, "60": 0.7216593027114868, "61": 0.7257479429244995, "62": 0.7235774993896484, "63": 0.7250242233276367, "64": 0.7263813018798828, "65": 0.7306095957756042, "66": 0.7276624441146851, "67": 0.7280305027961731, "68": 0.7055254578590393, "69": 0.727259635925293, "70": 0.7247438430786133, "71": 0.723087728023529, "72": 0.7239990830421448, "73": 0.7259587049484253, "74": 0.722332239151001, "75": 0.7234994173049927, "76": 0.7151299715042114, "77": 0.7194212675094604, "78": 0.7178663015365601, "79": 0.7192192077636719, "80": 0.7178145051002502, "81": 0.7131984233856201, "82": 0.7158318161964417, "83": 0.714714765548706, "84": 0.7098273038864136, "85": 0.711983859539032, "86": 0.7124720215797424, "87": 0.7113971710205078, "88": 0.7102803587913513, "89": 0.7091838717460632, "90": 0.7077150940895081, "91": 0.7093356847763062, "92": 0.7078570127487183, "93": 0.7087304592132568, "94": 0.7067687511444092, "95": 0.7087270617485046, "96": 0.7085561156272888, "97": 0.7086646556854248, "98": 0.7089853882789612, "99": 0.7069800496101379, "100": 0.7080959677696228, "101": 0.7074204683303833, "102": 0.7071877121925354, "103": 0.7062376737594604, "104": 0.7050780057907104, "105": 0.7051249742507935, "106": 0.70545893907547, "107": 0.7057479023933411, "108": 0.7056874632835388, "109": 0.7056346535682678, "110": 0.7052918672561646, "111": 0.7066567540168762, "112": 0.7066066861152649, "113": 0.7065128087997437, "114": 0.7064825892448425, "115": 0.706454873085022, "116": 0.7064106464385986, "117": 0.7064172625541687, "118": 0.7063564658164978, "119": 0.7062951326370239, "120": 0.7062729001045227, "121": 0.7062364220619202, "122": 0.7061764001846313, "123": 0.7061470150947571}}