{"final": 0.7341253161430359, "results": {"0": 0.5005918741226196, "1": 0.5101028680801392, "2": 0.5597813725471497, "3": 0.5480016469955444, "4": 0.608616292476654, "5": 0.6068028807640076, "6": 0.6287187933921814, "7": 0.6740955114364624, "8": 0.6807669401168823, "9": 0.658420979976654, "10": 0.6727237105369568, "11": 0.6771695017814636, "12": 0.6919660568237305, "13": 0.6808203458786011, "14": 0.5877465009689331, "15": 0.6446285247802734, "16": 0.6628650426864624, "17": 0.6320523619651794, "18": 0.6353825926780701, "19": 0.6551124453544617, "20": 0.6632504463195801, "21": 0.6668010354042053, "22": 0.6541780829429626, "23": 0.6665248870849609, "24": 0.6561321020126343, "25": 0.6654435396194458, "26": 0.6648136973381042, "27": 0.6659674644470215, "28": 0.6717332601547241, "29": 0.6753808259963989, "30": 0.6738244295120239, "31": 0.6803655624389648, "32": 0.6899764537811279, "33": 0.6913849711418152, "34": 0.6971209645271301, "35": 0.6936371922492981, "36": 0.6966735124588013, "37": 0.6989990472793579, "38": 0.7011785507202148, "39": 0.7032712697982788, "40": 0.7039182782173157, "41": 0.7039458155632019, "42": 0.7077415585517883, "43": 0.7024037837982178, "44": 0.6996669769287109, "45": 0.7099567651748657, "46": 0.7058171033859253, "47": 0.7068001627922058, "48": 0.6919140219688416, "49": 0.7056609988212585, "50": 0.7090259194374084, "51": 0.7085403203964233, "52": 0.7126890420913696, "53": 0.7052295207977295, "54": 0.6973355412483215, "55": 0.7010986804962158, "56": 0.7000214457511902, "57": 0.7110475897789001, "58": 0.7050824761390686, "59": 0.7112230658531189, "60": 0.7091800570487976, "61": 0.7228438854217529, "62": 0.7206971645355225, "63": 0.7197093963623047, "64": 0.7214571237564087, "65": 0.723134458065033, "66": 0.7248703837394714, "67": 0.7306395769119263, "68": 0.731031060218811, "69": 0.7312888503074646, "70": 0.7290998101234436, "71": 0.7327819466590881, "72": 0.7297238707542419, "73": 0.7321300506591797, "74": 0.7318872213363647, "75": 0.7322952151298523, "76": 0.7291754484176636, "77": 0.7307348847389221, "78": 0.7313228845596313, "79": 0.7278040051460266, "80": 0.7309189438819885, "81": 0.7298322916030884, "82": 0.733238935470581, "83": 0.7316144704818726, "84": 0.7368173003196716, "85": 0.7360870838165283, "86": 0.7374430894851685, "87": 0.7375856637954712, "88": 0.7383053302764893, "89": 0.7372599244117737, "90": 0.7392076849937439, "91": 0.7380536794662476, "92": 0.7387255430221558, "93": 0.7377619743347168, "94": 0.7374212145805359, "95": 0.7376492619514465, "96": 0.7373858094215393, "97": 0.7354274392127991, "98": 0.7351594567298889, "99": 0.734508216381073, "100": 0.7329069375991821, "101": 0.733616292476654, "102": 0.7336633205413818, "103": 0.7327518463134766, "104": 0.7336907386779785, "105": 0.7347729206085205, "106": 0.734654426574707, "107": 0.7343963980674744, "108": 0.733468770980835, "109": 0.7342178821563721, "110": 0.73429274559021, "111": 0.7340949177742004, "112": 0.7339897751808167, "113": 0.7339382171630859, "114": 0.7340636253356934, "115": 0.7340116500854492, "116": 0.7340614795684814, "117": 0.7340545654296875, "118": 0.7340752482414246, "119": 0.7341006994247437, "120": 0.734115719795227, "121": 0.734126627445221, "122": 0.7341182231903076, "123": 0.7341253161430359}}