{"final": 0.7413031458854675, "results": {"0": 0.4705854654312134, "1": 0.5069680213928223, "2": 0.5340738892555237, "3": 0.5659299492835999, "4": 0.5455728769302368, "5": 0.5698398351669312, "6": 0.6187322735786438, "7": 0.4991721510887146, "8": 0.5034838914871216, "9": 0.5048729777336121, "10": 0.5052518248558044, "11": 0.5058404803276062, "12": 0.5060217976570129, "13": 0.5081866979598999, "14": 0.5095248818397522, "15": 0.5096630454063416, "16": 0.5104967355728149, "17": 0.5195919871330261, "18": 0.5207487344741821, "19": 0.5219202041625977, "20": 0.5235631465911865, "21": 0.5210213661193848, "22": 0.5164280533790588, "23": 0.5153905153274536, "24": 0.5122093558311462, "25": 0.517622709274292, "26": 0.48444801568984985, "27": 0.4716763198375702, "28": 0.4961777627468109, "29": 0.5178176164627075, "30": 0.533390998840332, "31": 0.5400494933128357, "32": 0.5414095520973206, "33": 0.48713138699531555, "34": 0.5177372097969055, "35": 0.49341315031051636, "36": 0.5231534242630005, "37": 0.5408790707588196, "38": 0.5998070240020752, "39": 0.691088855266571, "40": 0.692622721195221, "41": 0.6339644193649292, "42": 0.6768556833267212, "43": 0.6862006783485413, "44": 0.6983814835548401, "45": 0.7014586925506592, "46": 0.7026920914649963, "47": 0.7082780599594116, "48": 0.7115741968154907, "49": 0.7191495299339294, "50": 0.7228063344955444, "51": 0.7236596941947937, "52": 0.7292319536209106, "53": 0.7340145707130432, "54": 0.7337368130683899, "55": 0.7331417798995972, "56": 0.7333533763885498, "57": 0.7367615699768066, "58": 0.7377766966819763, "59": 0.7383468151092529, "60": 0.7343996167182922, "61": 0.7405133843421936, "62": 0.7348420023918152, "63": 0.7418528199195862, "64": 0.7414361238479614, "65": 0.747802734375, "66": 0.741178035736084, "67": 0.7394348978996277, "68": 0.7391575574874878, "69": 0.7394070625305176, "70": 0.7413076758384705, "71": 0.7419737577438354, "72": 0.7426849603652954, "73": 0.7411519885063171, "74": 0.7441202402114868, "75": 0.7371567487716675, "76": 0.7407644391059875, "77": 0.742612898349762, "78": 0.7415489554405212, "79": 0.7397002577781677, "80": 0.7395924925804138, "81": 0.740240216255188, "82": 0.7410362362861633, "83": 0.7385869026184082, "84": 0.7391419410705566, "85": 0.7401829957962036, "86": 0.7419182658195496, "87": 0.7384763360023499, "88": 0.7398338913917542, "89": 0.7388182878494263, "90": 0.7415763735771179, "91": 0.7357433438301086, "92": 0.7383427023887634, "93": 0.741278886795044, "94": 0.7406570911407471, "95": 0.7392165064811707, "96": 0.7404564023017883, "97": 0.7412486672401428, "98": 0.7420606017112732, "99": 0.7425206899642944, "100": 0.7423087358474731, "101": 0.7420645952224731, "102": 0.7419685125350952, "103": 0.7420353293418884, "104": 0.7431473731994629, "105": 0.7416830062866211, "106": 0.7422443628311157, "107": 0.7421183586120605, "108": 0.7414476871490479, "109": 0.7413496375083923, "110": 0.7414164543151855, "111": 0.741474449634552, "112": 0.7414500117301941, "113": 0.7414700984954834, "114": 0.7414235472679138, "115": 0.7414464354515076, "116": 0.7414145469665527, "117": 0.7413730621337891, "118": 0.7413230538368225, "119": 0.7413327693939209, "120": 0.7414141297340393, "121": 0.7413555979728699, "122": 0.7413207292556763, "123": 0.7413032054901123}}