{"TOTAL": 0.7683298873410288, "acidic": 0.9481122538677919, "aldehydic": 0.9186118598382749, "alliaceous": 0.9175474576082333, "amber": 0.9409536164354549, "animal": 0.7339167046462357, "anise": 0.8759078155896015, "aromatic": 0.648027723487972, "balsamic": 0.9048341926039635, "berry": 0.9008676584699825, "bitter": 0.19399642404729225, "bready": 0.5322569090977641, "brown": 0.7628073995184398, "burnt": 0.8085877098561363, "buttery": 0.9138850156466051, "camphoreous": 0.804582224813235, "caramellic": 0.9054411243719341, "cheesy": 0.9547918811201731, "chemical": 0.8961355775992627, "chocolate": 0.9512470084116427, "citrus": 0.8181638997988435, "clean": 0.964260758358823, "cocoa": 0.6327748904593979, "coconut": 0.8933808828936484, "coffee": 0.9145362764471145, "cooling": 0.3405809821471778, "coumarinic": 0.7730410134735889, "creamy": 0.8131783491839851, "dairy": 0.6759516607722169, "earthy": 0.5749402449500901, "estery": 0.6920599448598891, "ethereal": 0.7199377209184334, "fatty": 0.6553654846690782, "fermented": 0.8404547341446116, "floral": 0.7927433925922688, "fresh": 0.9966159498633195, "fruity": 0.7719323877817108, "fungal": 0.5248530299566856, "fusel": 0.8276942333546107, "green": 0.6509027169677825, "herbal": 0.6886314996342727, "honey": 0.918800761989488, "jammy": 0.8273879921288563, "licorice": 0.930052636627419, "marine": 0.7042322332618125, "meaty": 0.8972390183016316, "medicinal": 0.8787659639900302, "melon": 0.33875205177334183, "mentholic": 0.8879725144583138, "minty": 0.7241810870594628, "mossy": 0.9827248432973272, "musk": 0.8937551854939599, "musty": 0.7215517411290349, "nutty": 0.745317826872853, "oily": 0.7208603017954681, "onion": 0.9560773557137267, "orris": 0.3083044901294272, "phenolic": 0.8936036358159605, "powdery": 0.586665861738494, "roasted": 0.8483505800275305, "rummy": 0.5919216214249327, "soapy": 0.6615492580886375, "solvent": 0.843666407963048, "sour": 0.8871398688674436, "spicy": 0.7407955738572413, "sulfurous": 0.8599936535679045, "sweet": 0.5111790761442734, "thujonic": 0.535904414762236, "tonka": 0.7254662585394716, "tropical": 0.5170736419753086, "vanilla": 0.9871873818447878, "vegetable": 0.8459464310885577, "waxy": 0.8414164882527514, "winey": 0.6354833247636954, "woody": 0.8325798224405743}