{"TOTAL": 0.8883760621060871, "aldehydic": 0.8270054517133956, "alliaceous": 0.9736979166666667, "amber": 0.8850308641975309, "animal": 0.9208528037383177, "anise": 0.8972881832232682, "aromatic": 0.8506393143178307, "balsamic": 0.9302207130730051, "berry": 0.8786458333333333, "bitter": 0.7774353706557097, "burnt": 0.8538218111002922, "buttery": 0.8858506944444444, "camphoreous": 0.9340185372120767, "caramellic": 0.9427416134185304, "cheesy": 0.9370740019474196, "chocolate": 0.7855838134045243, "citrus": 0.8981439565414214, "clean": 0.9083883658845019, "cocoa": 0.8138019638432596, "coconut": 0.8415123456790123, "coffee": 0.9473302229134266, "cooling": 0.8971153846153846, "coumarinic": 0.9484309852973448, "creamy": 0.8132887245407056, "dairy": 0.850272585669782, "earthy": 0.8025889967637542, "ethereal": 0.936774437511817, "fatty": 0.8959245678365636, "fermented": 0.9323465649996263, "floral": 0.8961121733588272, "fresh": 0.8136309965126177, "fruity": 0.91450767214126, "green": 0.8849415204678364, "herbal": 0.8293353276619613, "honey": 0.8051215277777777, "meaty": 0.9676309321232747, "medicinal": 0.8471152199965759, "melon": 0.9122670807453417, "minty": 0.9082835370867826, "musk": 0.9074048053955318, "musty": 0.7364928909952606, "nutty": 0.9057337220602526, "oily": 0.862644101054697, "onion": 0.9807439537329128, "orris": 0.9049813473776607, "phenolic": 0.9708201892744479, "powdery": 0.8362573099415205, "roasted": 0.9534245516388373, "rummy": 0.8492342279050162, "soapy": 0.9156441717791411, "solvent": 0.9286538461538462, "sour": 0.8376543209876544, "spicy": 0.8750278706800446, "sulfurous": 0.981282629330802, "sweet": 0.81062734082397, "tropical": 0.9003618421052633, "vanilla": 0.976927570093458, "vegetable": 0.9105251089199725, "waxy": 0.923889555822329, "winey": 0.9219341044898854, "woody": 0.8675262533875339}