{"TOTAL": 0.7689854864494607, "acidic": 0.9435346343178621, "aldehydic": 0.9299245477399959, "alliaceous": 0.9670676964420258, "amber": 0.9566762416604894, "animal": 0.7117287581296808, "anise": 0.9434997485341822, "aromatic": 0.7028346112318395, "balsamic": 0.889076525916969, "berry": 0.9083561469991752, "bitter": 0.43405138287765227, "bready": 0.9814632583041134, "brown": 0.6753344043419146, "burnt": 0.6668648458158228, "buttery": 0.9460441743686776, "camphoreous": 0.8758048333573328, "caramellic": 0.9122034282026271, "cheesy": 0.8553268051486438, "chemical": 0.8396167499105958, "chocolate": 0.9484363451589062, "citrus": 0.7683961075347118, "clean": 0.9060060911296277, "cocoa": 0.5174762001422106, "coconut": 0.8963697260777644, "coffee": 0.9286919414601048, "cooling": 0.31837011336690973, "coumarinic": 0.887710821181328, "creamy": 0.7781329218314071, "dairy": 0.6003912479101957, "earthy": 0.494147236138881, "estery": 0.7568634417989829, "ethereal": 0.8252042897351821, "fatty": 0.6673722103313181, "fermented": 0.7968955209732723, "floral": 0.7784155828140178, "fresh": 0.941363640358973, "fruity": 0.789715661484204, "fungal": 0.34585289514866985, "fusel": 0.8776769380542966, "green": 0.6517938005776233, "herbal": 0.6871714418236734, "honey": 0.914244375295744, "jammy": 0.9175004832838499, "licorice": 0.966902472362773, "marine": 0.6797100667293352, "meaty": 0.924789203458174, "medicinal": 0.8764908650501495, "melon": 0.4579946945884461, "mentholic": 0.5203409771740244, "minty": 0.8363060031149369, "mossy": 0.9975572459413642, "musk": 0.9106717674704956, "musty": 0.5705711141359436, "nutty": 0.8067487750746067, "oily": 0.5875218166534101, "onion": 0.9784112105479351, "orris": 0.31081775073504264, "phenolic": 0.6334643609786719, "powdery": 0.47521355750582944, "roasted": 0.9501537236827662, "rummy": 0.5922519467287679, "soapy": 0.7435243119014001, "solvent": 0.8025268813153195, "sour": 0.9959921953277435, "spicy": 0.7431459988744603, "sulfurous": 0.8476194330694208, "sweet": 0.5289891373128032, "thujonic": 0.5317534351694204, "tonka": 0.8154157749267474, "tropical": 0.5276132716049382, "vanilla": 0.9902489005346574, "vegetable": 0.7479373700532121, "waxy": 0.838790805793465, "winey": 0.6968712449040756, "woody": 0.8849705000302672}