{"TOTAL": 0.8141080431403808, "aldehydic": 0.9034195621094797, "alliaceous": 0.9844054140960761, "amber": 0.9680437673759623, "animal": 0.9133587847972796, "anise": 0.9527479403062193, "aromatic": 0.6618826335611576, "balsamic": 0.8069851611330648, "berry": 0.5284620920953329, "bitter": 0.0754270144958431, "burnt": 0.9830584783855811, "buttery": 0.9327232442302255, "camphoreous": 0.8911014897434558, "caramellic": 0.9364074479087762, "cheesy": 0.9585741485962683, "chocolate": 0.7610113495024875, "citrus": 0.7565286786164163, "clean": 0.9153887113951011, "cocoa": 0.7291673741146792, "coconut": 0.9099968907637119, "coffee": 0.9669377005537851, "cooling": 0.5460251458856031, "coumarinic": 0.9380588762811801, "creamy": 0.8504471472284596, "dairy": 0.8048447406258782, "earthy": 0.6424414837674552, "ethereal": 0.8580491627941083, "fatty": 0.9084878015927055, "fermented": 0.7769988705845697, "floral": 0.823590518829906, "fresh": 0.8247231762767321, "fruity": 0.8070785341402626, "green": 0.6947293532483514, "herbal": 0.7665878394468634, "honey": 0.889461415723013, "meaty": 0.9837962206277342, "medicinal": 0.825950374608063, "melon": 0.28628277193957413, "minty": 0.7012570061212899, "musk": 0.908569583386096, "musty": 0.7352730777916415, "nutty": 0.8783421224428906, "oily": 0.47472928584750185, "onion": 0.990746889603181, "orris": 0.6983836149458984, "phenolic": 0.8542997078076988, "powdery": 0.6651707138666443, "roasted": 0.9686630559336671, "rummy": 0.863987841720148, "soapy": 0.8328706524765004, "solvent": 0.8061496207366154, "sour": 0.9918401576060913, "spicy": 0.8093425015483028, "sulfurous": 0.962943343811667, "sweet": 0.9356165477584921, "tropical": 0.6655425764856304, "vanilla": 0.9504516831256208, "vegetable": 0.8556263676878735, "waxy": 0.8409397815268059, "winey": 0.78052872052619, "woody": 0.9120261510124905}