{"TOTAL": 0.8881854032410932, "aldehydic": 0.8564057632398754, "alliaceous": 0.9842881944444444, "amber": 0.912962962962963, "animal": 0.8875584112149533, "anise": 0.9008008992553042, "aromatic": 0.8278769144302376, "balsamic": 0.924830220713073, "berry": 0.8413194444444444, "bitter": 0.7517548365005992, "burnt": 0.8551606621226875, "buttery": 0.9122395833333332, "camphoreous": 0.9181426080572634, "caramellic": 0.9540235623003195, "cheesy": 0.9384128529698149, "chocolate": 0.7940143318814107, "citrus": 0.8724100706898352, "clean": 0.9304482225656878, "cocoa": 0.8278425254657246, "coconut": 0.862037037037037, "coffee": 0.9571798859512701, "cooling": 0.9542307692307692, "coumarinic": 0.9484309852973447, "creamy": 0.7922756353818161, "dairy": 0.8325545171339563, "earthy": 0.7994336569579288, "ethereal": 0.9379088674607676, "fatty": 0.8911681508643269, "fermented": 0.9307019511101143, "floral": 0.8905743219318745, "fresh": 0.8132191009693275, "fruity": 0.9118282057213355, "green": 0.8811515969410707, "herbal": 0.8282135178087314, "honey": 0.7908854166666667, "meaty": 0.9710342219701267, "medicinal": 0.893853792158877, "melon": 0.8601375332741792, "minty": 0.9103119346527055, "musk": 0.8839398623015315, "musty": 0.7218325434439179, "nutty": 0.8866995073891625, "oily": 0.8663539367181752, "onion": 0.9789037854889591, "orris": 0.9058591178406847, "phenolic": 0.9644453207150367, "powdery": 0.8538011695906432, "roasted": 0.9562847866419295, "rummy": 0.8648306870872559, "soapy": 0.9381390593047034, "solvent": 0.9275, "sour": 0.8333333333333334, "spicy": 0.8688963210702341, "sulfurous": 0.9818165638348363, "sweet": 0.8039794007490637, "tropical": 0.9201973684210526, "vanilla": 0.9681658878504673, "vegetable": 0.9002980967667966, "waxy": 0.9275443510737629, "winey": 0.9167808782413245, "woody": 0.8738990514905149}