{"TOTAL": 0.8158377356237959, "aldehydic": 0.904046877879171, "alliaceous": 0.9813379114702425, "amber": 0.9543843395797689, "animal": 0.9099057976602397, "anise": 0.9236135162737, "aromatic": 0.7266907953669706, "balsamic": 0.7886283336804809, "berry": 0.6101364880856358, "bitter": 0.41820807130675763, "burnt": 0.9633454119435428, "buttery": 0.9458576784046211, "camphoreous": 0.8850560271343272, "caramellic": 0.9511403712554602, "cheesy": 0.9605510101952284, "chocolate": 0.8231632018479034, "citrus": 0.7493438460876437, "clean": 0.9049487486687966, "cocoa": 0.7769980353158048, "coconut": 0.9422073605368306, "coffee": 0.9664159145167387, "cooling": 0.6089761344308817, "coumarinic": 0.9422634535423733, "creamy": 0.8758933365611973, "dairy": 0.8172314419974608, "earthy": 0.5588271036288125, "ethereal": 0.8467444729262075, "fatty": 0.9183496214386193, "fermented": 0.817903462374492, "floral": 0.8143243131508233, "fresh": 0.8428605660427594, "fruity": 0.8194880437102354, "green": 0.7125822424504022, "herbal": 0.7496918494536995, "honey": 0.8998951567314809, "meaty": 0.986523693945486, "medicinal": 0.7979554436215447, "melon": 0.22151315709993252, "minty": 0.7488766175426926, "musk": 0.8758240682115572, "musty": 0.7175924346402044, "nutty": 0.8979365890333828, "oily": 0.5132580472041746, "onion": 0.9892046289878814, "orris": 0.47657837836585143, "phenolic": 0.8425738229595586, "powdery": 0.5816207340581974, "roasted": 0.9735885407072666, "rummy": 0.9113185402304324, "soapy": 0.802323885766557, "solvent": 0.7012150122870685, "sour": 0.9994276130131515, "spicy": 0.7935104054432388, "sulfurous": 0.9552668559026055, "sweet": 0.8882174422319241, "tropical": 0.6548470299858777, "vanilla": 0.91759036536439, "vegetable": 0.8464367283126957, "waxy": 0.8542017398920464, "winey": 0.7811831526611276, "woody": 0.9106681218288962}