{"fusel": 0.49294642857142856, "jammy": 0.5239072585585482, "sour": 0.4882235986847136, "amber": 0.9146645771860427, "floral": 0.7568727394924457, "cooling": 0.499703015775514, "green": 0.6101244072976452, "phenolic": 0.6919246563932062, "mossy": 0.7715888803876563, "powdery": 0.4636269983119849, "fermented": 0.6972261776239048, "roasted": 0.807268794581798, "camphoreous": 0.708133778637922, "sulfurous": 0.8372743562549501, "marine": 0.4954102818587635, "chemical": 0.6457482795903499, "bready": 0.6641347596571477, "berry": 0.8324339358942736, "rummy": 0.4971066444757393, "licorice": 0.7815625978000068, "tonka": 0.6391331370737237, "winey": 0.7105713363941147, "melon": 0.526620792781833, "brown": 0.48553633329658014, "bitter": 0.4690834555044193, "anise": 0.9054672837960258, "orris": 0.48734995358129785, "vegetable": 0.6305267729642947, "vanilla": 0.9310164187800246, "solvent": 0.47806134155979907, "dairy": 0.4875044183836178, "aldehydic": 0.8013649508720448, "nutty": 0.7095250507491924, "soapy": 0.5287169400597926, "animal": 0.6124485435994457, "acidic": 0.8910792450462042, "earthy": 0.43903330688241604, "clean": 0.5456072038542915, "coumarinic": 0.5622676445912644, "buttery": 0.8117817670468421, "estery": 0.5969659518806691, "onion": 0.520358617073035, "oily": 0.4865506133069012, "medicinal": 0.5071012857327136, "cocoa": 0.4985904667250296, "fruity": 0.7621014687274352, "chocolate": 0.5418333269539922, "sweet": 0.5696193255677618, "musty": 0.5642967065669879, "coffee": 0.7764221520485279, "fungal": 0.5834034524082715, "creamy": 0.647780959656073, "coconut": 0.8206135604257383, "aromatic": 0.47698477572289777, "citrus": 0.697763450958472, "caramellic": 0.7490125963155067, "honey": 0.8829892598766965, "waxy": 0.7668899129446888, "balsamic": 0.8325106157944269, "ethereal": 0.6340935900433913, "spicy": 0.6106207202997598, "tropical": 0.4906806584716321, "mentholic": 0.7571957394187016, "fresh": 0.9956578634308827, "burnt": 0.6490071520281075, "woody": 0.8636641305435021, "thujonic": 0.7122680328723934, "meaty": 0.668112812405071, "cheesy": 0.9048453338333003, "musk": 0.8079861368410387, "alliaceous": 0.9335069880306134, "minty": 0.7709838737801022, "fatty": 0.6504254352333078, "herbal": 0.6701519399537088, "TOTAL": 0.665318472563819}