{"camphoreous": 0.4463386309766184, "powdery": 0.7410528107579046, "soapy": 0.556383858603076, "ethereal": 0.48266514234243596, "herbal": 0.45603812671672656, "rummy": 0.4985128045683673, "thujonic": 0.4629304649194998, "mossy": 0.6567995692708775, "chocolate": 0.6079852339517042, "orris": 0.2961616348069687, "buttery": 0.42662173507321416, "fusel": 0.6996625068946498, "balsamic": 0.47247879452786773, "nutty": 0.6380894607552745, "dairy": 0.3103777030689111, "solvent": 0.6381951551749884, "tropical": 0.5221616876421185, "marine": 0.6217866409716628, "melon": 0.28970525462073676, "alliaceous": 0.49735439398692816, "fermented": 0.3284315048519594, "berry": 0.4451101646621023, "green": 0.4854309723260957, "fungal": 0.3496108745477675, "cocoa": 0.5245042831698941, "coconut": 0.3063266114807626, "cheesy": 0.5396014834816778, "chemical": 0.3585772223794785, "mentholic": 0.6311116959213514, "amber": 0.4796487874790963, "musk": 0.5332349084837935, "anise": 0.5727519300751623, "estery": 0.5065800012482318, "tonka": 0.6223871806706054, "fresh": 0.35949803428390154, "vanilla": 0.3571755523289239, "woody": 0.4957403274053099, "earthy": 0.4896579875990561, "citrus": 0.5671146604985162, "spicy": 0.4424008440028274, "aromatic": 0.37007085184083904, "waxy": 0.525418548207309, "coffee": 0.4140934976219116, "honey": 0.5594092833655845, "caramellic": 0.5661886320911919, "medicinal": 0.42910963470275093, "creamy": 0.5167155673198203, "bready": 0.28713635728561104, "coumarinic": 0.3022978824742628, "fruity": 0.4813656065137628, "floral": 0.5178583955159465, "bitter": 0.758329931625676, "fatty": 0.4731871511112373, "animal": 0.47142712500831696, "jammy": 0.7437481765239411, "onion": 0.4321993757983046, "licorice": 0.5845988895714765, "vegetable": 0.5373666461386208, "acidic": 0.4254253675143947, "roasted": 0.457237894867354, "meaty": 0.48863501544288956, "burnt": 0.3847726229819739, "sulfurous": 0.494982714919041, "clean": 0.4349205944581815, "cooling": 0.5799026127410813, "minty": 0.4458309719541683, "brown": 0.442938800427055, "musty": 0.5015846886331002, "sour": 0.3245180257109599, "aldehydic": 0.5274672819796873, "oily": 0.6842107181120496, "phenolic": 0.47137175641621176, "sweet": 0.764917289016899, "winey": 0.45131695601080907, "TOTAL": 0.4941452905463441}