{"citrus": 0.5663843014541665, "solvent": 0.4327280640731932, "oily": 0.641005196527874, "licorice": 0.9230547216394469, "cheesy": 0.9693920964551533, "earthy": 0.5598596377166574, "acidic": 0.8374680336999325, "musty": 0.46664000623534285, "aromatic": 0.6661229698189413, "honey": 0.9680531087963784, "powdery": 0.3405589954182447, "orris": 0.3408929763888964, "fusel": 0.6650217181467182, "chocolate": 0.9645430903229648, "coconut": 0.6351346209561124, "balsamic": 0.8254343390360501, "tropical": 0.5036056421982882, "anise": 0.926785454792801, "caramellic": 0.8844763472482498, "creamy": 0.7958348581478389, "coumarinic": 0.8925106619125024, "floral": 0.8197792816589998, "bitter": 0.6249449296717684, "roasted": 0.48824551615115486, "phenolic": 0.45164229635904163, "fungal": 0.5234233123967692, "fatty": 0.5934784899920795, "sour": 0.8484807932502358, "green": 0.6305409691823087, "musk": 0.8564226184084965, "herbal": 0.6680701978061983, "berry": 0.8903193800030377, "buttery": 0.8968817452115967, "woody": 0.839682096023728, "jammy": 0.39978208634748597, "alliaceous": 0.9105396150782479, "mentholic": 0.4168990616033438, "soapy": 0.6098238005482003, "burnt": 0.6120766374807062, "cooling": 0.42969820423829874, "sulfurous": 0.8614740646429697, "meaty": 0.8051984434123592, "winey": 0.45723159604836583, "melon": 0.4168504823494259, "medicinal": 0.5210466103853729, "marine": 0.6422471673292816, "onion": 0.3879889856160159, "fruity": 0.7946703169541183, "sweet": 0.19623148879769584, "coffee": 0.9052703353315545, "fermented": 0.7951793735884645, "camphoreous": 0.5783565409832372, "animal": 0.2792598522915636, "vanilla": 0.9717761795356455, "rummy": 0.3745514567368363, "dairy": 0.7077362951558805, "clean": 0.315340691835122, "mossy": 0.9472026221579906, "nutty": 0.7073972970624709, "amber": 0.8611961787598323, "bready": 0.8310993870695362, "estery": 0.5224168755721063, "spicy": 0.7179307935091228, "thujonic": 0.9270756783698261, "brown": 0.3475168684062617, "fresh": 0.9704462798681214, "vegetable": 0.5468461660512736, "ethereal": 0.6286178190038194, "cocoa": 0.4496900245913631, "tonka": 0.8671489646060866, "chemical": 0.4282082217715927, "waxy": 0.7253848018596718, "minty": 0.6421438349379399, "aldehydic": 0.8491927892967396, "TOTAL": 0.6661643561660151}