{"nutty": 0.6009431846006809, "aldehydic": 0.7509793820074755, "honey": 0.8502490767999937, "coffee": 0.9181321144076177, "tonka": 0.3941328511525747, "brown": 0.4513080578406826, "powdery": 0.5237561527440884, "licorice": 0.5266207272263628, "tropical": 0.5141338987054387, "vegetable": 0.5288076611742939, "minty": 0.6113029706432695, "mentholic": 0.4515005082030825, "aromatic": 0.5118208859952953, "cooling": 0.5191384620755946, "vanilla": 0.937671857866796, "jammy": 0.23381271104944956, "winey": 0.4690335299843499, "burnt": 0.31150720996741493, "thujonic": 0.9790710882894996, "alliaceous": 0.6363431253760612, "musk": 0.5568653033879825, "creamy": 0.4229044074541224, "earthy": 0.5818794071303242, "fermented": 0.5648364014841287, "herbal": 0.5848115307631931, "woody": 0.6754515808963845, "citrus": 0.5406655054902185, "sweet": 0.840236535569546, "melon": 0.8881052711614804, "solvent": 0.5323370762781313, "onion": 0.5188655137145624, "chocolate": 0.9794553318533261, "fusel": 0.40797642029784886, "roasted": 0.49169214197982897, "soapy": 0.5213033854984854, "coconut": 0.8612895651025345, "chemical": 0.05742154328750214, "fruity": 0.6786183869314566, "musty": 0.4885435629468966, "berry": 0.7606166409794182, "amber": 0.8214943823100351, "fresh": 0.9247419643565253, "acidic": 0.8844761449034342, "medicinal": 0.6534193026843098, "waxy": 0.5442669995289603, "phenolic": 0.4520478682848703, "ethereal": 0.5886968067139553, "camphoreous": 0.5963204376324651, "cocoa": 0.30370986487522034, "floral": 0.6569401977299681, "bready": 0.34283345178867564, "meaty": 0.6151712102992579, "fungal": 0.34305934481869615, "sour": 0.8197811254705037, "animal": 0.751122783722565, "clean": 0.5298025695276454, "green": 0.6235976435182362, "marine": 0.5448714688178921, "orris": 0.5342119407360758, "anise": 0.7298679324620555, "spicy": 0.5796766452700455, "mossy": 0.9552991017030803, "balsamic": 0.6810703406234244, "dairy": 0.13913195453581445, "buttery": 0.814796435210311, "estery": 0.3941266799117916, "cheesy": 0.9688776149803693, "coumarinic": 0.3396831795221366, "caramellic": 0.5634707488748887, "sulfurous": 0.7349742275862712, "rummy": 0.46498351859381176, "bitter": 0.3701675009147275, "oily": 0.41655637103063253, "fatty": 0.5993941445066094, "TOTAL": 0.5940105793481439}