{"camphoreous": 0.635365860901534, "powdery": 0.5363056229343093, "soapy": 0.5671180105089488, "ethereal": 0.5040007621621153, "herbal": 0.4868499592455965, "rummy": 0.5753211517710302, "thujonic": 0.8913970767215699, "mossy": 0.6370351478742196, "chocolate": 0.8032698907856797, "orris": 0.43507842317569073, "buttery": 0.6110472299389026, "fusel": 0.5142743381136238, "balsamic": 0.684544795009199, "nutty": 0.6218800502357764, "dairy": 0.4626764407858046, "solvent": 0.39585374470518386, "tropical": 0.45039508818107166, "marine": 0.6443591529549997, "melon": 0.58936910402527, "alliaceous": 0.49769120781438536, "fermented": 0.7286655715632988, "berry": 0.6497142813627343, "green": 0.5695222205089998, "fungal": 0.5766621053854283, "cocoa": 0.3240942529589749, "coconut": 0.6214050934897193, "cheesy": 0.9526896148516796, "chemical": 0.47656414587403306, "mentholic": 0.8345389450053102, "amber": 0.5922667109032311, "musk": 0.6755550480983714, "anise": 0.7417819146469284, "estery": 0.49535839851876506, "tonka": 0.6250487862725351, "fresh": 0.5383116368127074, "vanilla": 0.905083627562882, "woody": 0.5849869236106991, "earthy": 0.5713311810271446, "citrus": 0.6108456972546045, "spicy": 0.5508777460898264, "aromatic": 0.4703753144219057, "waxy": 0.5823019584225166, "coffee": 0.6300375112258099, "honey": 0.7809442782618748, "caramellic": 0.48945446676959703, "medicinal": 0.580295151592017, "creamy": 0.44571771686415235, "bready": 0.8129055576816772, "coumarinic": 0.6447982757415273, "fruity": 0.6086986082754874, "floral": 0.6176359515337062, "bitter": 0.28902370575394704, "fatty": 0.5273842454535987, "animal": 0.3289409889464564, "jammy": 0.63950010533191, "onion": 0.4999513914619436, "licorice": 0.6957402663637523, "vegetable": 0.6272273153887734, "acidic": 0.4945833790928631, "roasted": 0.4314608493837493, "meaty": 0.6449277267553766, "burnt": 0.2858910833723458, "sulfurous": 0.6827084727144848, "clean": 0.41957161793571085, "cooling": 0.4534502322303166, "minty": 0.5812636016651904, "brown": 0.4092139551269467, "musty": 0.33051204497413367, "sour": 0.8526802783513039, "aldehydic": 0.649784550247692, "oily": 0.3860163840037315, "phenolic": 0.40890178041778424, "sweet": 0.8117592332984986, "winey": 0.48711331814434417, "TOTAL": 0.5779717334709177}