{"camphoreous": 0.7816823594085968, "powdery": 0.5332439678284182, "soapy": 0.47730790929628875, "ethereal": 0.6750842102528127, "herbal": 0.6781823950331882, "rummy": 0.4974139034694661, "thujonic": 0.6649473183962539, "mossy": 0.8026788328752112, "chocolate": 0.676680371617886, "orris": 0.4710512885940291, "buttery": 0.8075092317931086, "fusel": 0.48536989795918367, "balsamic": 0.830657454841903, "nutty": 0.706338238430369, "dairy": 0.48616358623506584, "solvent": 0.4739438594702088, "tropical": 0.49355905420956475, "marine": 0.502768772304838, "melon": 0.4794057737866565, "alliaceous": 0.945231027010693, "fermented": 0.6441211097461098, "berry": 0.8537460670587375, "green": 0.5966584942154821, "fungal": 0.5639563873519355, "cocoa": 0.4969858744795525, "coconut": 0.792694109595966, "cheesy": 0.8954690129610503, "chemical": 0.5587544837378945, "mentholic": 0.8931830296422707, "amber": 0.878649594598728, "musk": 0.8119071635647086, "anise": 0.8079903720399588, "estery": 0.5193447953940252, "tonka": 0.7263281896691532, "fresh": 0.7151524421331701, "vanilla": 0.9490147838078866, "woody": 0.8636382625707142, "earthy": 0.4654682570050004, "citrus": 0.7150168194930856, "spicy": 0.7231473529397908, "aromatic": 0.48792309908925274, "waxy": 0.7908048969373692, "coffee": 0.866907731138208, "honey": 0.8922715580831072, "caramellic": 0.7893650206811851, "medicinal": 0.502172201030017, "creamy": 0.7502301966566592, "bready": 0.61936805593522, "coumarinic": 0.6302500087392726, "fruity": 0.7568550081620966, "floral": 0.7738141182109077, "bitter": 0.4587713031942035, "fatty": 0.6109681002464508, "animal": 0.6425120993054291, "jammy": 0.6066694931463742, "onion": 0.5130522433025276, "licorice": 0.5931583461801491, "vegetable": 0.6362180616325445, "acidic": 0.9751231585057815, "roasted": 0.5896858884200656, "meaty": 0.6843809198286529, "burnt": 0.589600821347622, "sulfurous": 0.8504426047840471, "clean": 0.4759744066889291, "cooling": 0.5028879588280797, "minty": 0.7317034120696735, "brown": 0.5078468679490868, "musty": 0.576666039174652, "sour": 0.48929418062246693, "aldehydic": 0.8961330471006936, "oily": 0.6172677050004737, "phenolic": 0.609555653591113, "sweet": 0.45482119644177094, "winey": 0.5371863866024772, "TOTAL": 0.661490916803318}