{"citrus": 0.6429978863281063, "solvent": 0.3532375319145836, "oily": 0.5662626542377576, "licorice": 0.8103647722926061, "cheesy": 0.9932920490840288, "earthy": 0.5189883077814363, "acidic": 0.9099903512762986, "musty": 0.3530716436294751, "aromatic": 0.7026794314402389, "honey": 0.9686131867511111, "powdery": 0.454683709945104, "orris": 0.2733817246040838, "fusel": 0.6701640926640926, "chocolate": 0.9668274260634361, "coconut": 0.8739095493284036, "balsamic": 0.9237129744869665, "tropical": 0.49486760130319163, "anise": 0.8905035973447359, "caramellic": 0.8607239735848948, "creamy": 0.6875137766250378, "coumarinic": 0.8353948184853093, "floral": 0.8071095076772894, "bitter": 0.3859636622950575, "roasted": 0.6749838236604635, "phenolic": 0.5850439485275127, "fungal": 0.4960067540959456, "fatty": 0.6994266785316456, "sour": 0.930412174046035, "green": 0.6641085818997284, "musk": 0.8409270184151507, "herbal": 0.6546378765104823, "berry": 0.880702976364488, "buttery": 0.9159298992246974, "woody": 0.8490028321432597, "jammy": 0.5138135748592564, "alliaceous": 0.9469047253267381, "mentholic": 0.7627638191629486, "soapy": 0.5823361484382781, "burnt": 0.297375812888483, "cooling": 0.3832718889484118, "sulfurous": 0.8981372992192407, "meaty": 0.8249139852563536, "winey": 0.6655752861555329, "melon": 0.5090211748196525, "medicinal": 0.7881666330626584, "marine": 0.597531788666011, "onion": 0.46697231103782255, "fruity": 0.8016661665759242, "sweet": 0.40064486529197363, "coffee": 0.9716804024108339, "fermented": 0.722814446678083, "camphoreous": 0.6380403174288745, "animal": 0.5271896633022931, "vanilla": 0.9677236290632423, "rummy": 0.20980077405631115, "dairy": 0.656058880361954, "clean": 0.37383377093476766, "mossy": 0.9903265417930044, "nutty": 0.7903423299605855, "amber": 0.9467070861108631, "bready": 0.8333992431007357, "estery": 0.42959459775734377, "spicy": 0.6690873362919698, "thujonic": 0.9875928737843821, "brown": 0.5042822489774075, "fresh": 0.9967058676908783, "vegetable": 0.6682789250475328, "ethereal": 0.7144428681546149, "cocoa": 0.3889210278214468, "tonka": 0.7992243334209325, "chemical": 0.09904269585755983, "waxy": 0.6620387013445136, "minty": 0.7569403943458766, "aldehydic": 0.8296690103205493, "TOTAL": 0.6852468951120068}