{"nutty": 0.5453991611573186, "aldehydic": 0.6456400345862752, "honey": 0.6134030019271923, "coffee": 0.7158167607419248, "tonka": 0.5649622224729023, "brown": 0.6356581569400483, "powdery": 0.3510335546193455, "licorice": 0.6070323276111876, "tropical": 0.28629990147326667, "vegetable": 0.5430401856667626, "minty": 0.601899106368476, "mentholic": 0.7355997937648786, "aromatic": 0.6335852535408699, "cooling": 0.5032612075540043, "vanilla": 0.9592341922312182, "jammy": 0.6122081226327865, "winey": 0.4780511587740247, "burnt": 0.7914381926644202, "thujonic": 0.9343815562226885, "alliaceous": 0.7451886683903585, "musk": 0.7890914768869216, "creamy": 0.5796296388410225, "earthy": 0.5914619513316721, "fermented": 0.7029281605986151, "herbal": 0.5491759645375882, "woody": 0.6449244708076307, "citrus": 0.5945283841147422, "sweet": 0.8656488160477149, "melon": 0.4061530232210697, "solvent": 0.5086346932011465, "onion": 0.4715638572658001, "chocolate": 0.6783876427909192, "fusel": 0.7024624241588527, "roasted": 0.454867044050013, "soapy": 0.5475788766635595, "coconut": 0.26688802269474554, "chemical": 0.44723342351079576, "fruity": 0.6733738979156518, "musty": 0.4294943301659988, "berry": 0.8639314700453401, "amber": 0.7107317260437468, "fresh": 0.5971967302267088, "acidic": 0.5574814870016787, "medicinal": 0.47822927743794363, "waxy": 0.5684147213669063, "phenolic": 0.3954754876338575, "ethereal": 0.43338697915313396, "camphoreous": 0.6382202420037938, "cocoa": 0.4971767245883443, "floral": 0.6991494733232637, "bready": 0.8295628086672863, "meaty": 0.636511764800468, "fungal": 0.565938136560794, "sour": 0.841980831485305, "animal": 0.28880911881185256, "clean": 0.36096701419867955, "green": 0.5703388730800459, "marine": 0.7237875037591978, "orris": 0.52575369313709, "anise": 0.6693391676174045, "spicy": 0.5830789328400268, "mossy": 0.6357627967166349, "balsamic": 0.6851423864076045, "dairy": 0.6067774077245128, "buttery": 0.6508710142760652, "estery": 0.5233143671465423, "cheesy": 0.647188018988388, "coumarinic": 0.5714442084840857, "caramellic": 0.6625519485181848, "sulfurous": 0.7430908767420703, "rummy": 0.5416887427001369, "bitter": 0.3373468298158847, "oily": 0.3209151136603818, "fatty": 0.5141522693350247, "TOTAL": 0.5930117135465242}