{"camphoreous": 0.7035678431812341, "powdery": 0.46531075790459175, "soapy": 0.519296973873718, "ethereal": 0.6317518469439897, "herbal": 0.6584716303512121, "rummy": 0.4970426321853796, "thujonic": 0.5508328213925561, "mossy": 0.8080128840904154, "chocolate": 0.5369706741687719, "orris": 0.4743812196989028, "buttery": 0.7488737501524749, "fusel": 0.5082842664092664, "balsamic": 0.8406083909892611, "nutty": 0.6631284408742287, "dairy": 0.4949308375684358, "solvent": 0.4754863218009841, "tropical": 0.4933887840779664, "marine": 0.4998763359060128, "melon": 0.506380591838477, "alliaceous": 0.9518936612145114, "fermented": 0.6300975820862185, "berry": 0.8312206047411483, "green": 0.6039204569907478, "fungal": 0.6341781619453156, "cocoa": 0.49531277938133794, "coconut": 0.8144945619471649, "cheesy": 0.9039270329367989, "chemical": 0.6436450410902964, "mentholic": 0.6155541024811321, "amber": 0.8995766523324383, "musk": 0.8342598627748398, "anise": 0.8904177990495714, "estery": 0.5017604617416992, "tonka": 0.6377684885520609, "fresh": 0.9957371718613689, "vanilla": 0.9456079491756432, "woody": 0.8550408853728871, "earthy": 0.4507326651538257, "citrus": 0.7188669717568245, "spicy": 0.6152184369624109, "aromatic": 0.4672227720101074, "waxy": 0.7631294632168447, "coffee": 0.8794837991706679, "honey": 0.8862105414924378, "caramellic": 0.7230978353486738, "medicinal": 0.5624195129803611, "creamy": 0.6575077721127711, "bready": 0.6610773968982924, "coumarinic": 0.6020857366332827, "fruity": 0.7614973471705718, "floral": 0.7550321921621507, "bitter": 0.4518445759771405, "fatty": 0.6464285150789368, "animal": 0.6365761352229368, "jammy": 0.5248099618425239, "onion": 0.5507380655311159, "licorice": 0.7534976180264973, "vegetable": 0.5788475967395368, "acidic": 0.8929893785594377, "roasted": 0.7353976086139492, "meaty": 0.6814013134821836, "burnt": 0.6934790468288659, "sulfurous": 0.83440849796425, "clean": 0.4889367559713477, "cooling": 0.5060769387712797, "minty": 0.7431425064248096, "brown": 0.4986345263803318, "musty": 0.5317594103694363, "sour": 0.4871020366546863, "aldehydic": 0.8246516290147715, "oily": 0.49860502744029095, "phenolic": 0.7268604744431291, "sweet": 0.4497744245915428, "winey": 0.6995637705580187, "TOTAL": 0.6581097096843149}