{"fusel": 0.5142743381136238, "jammy": 0.63950010533191, "sour": 0.8526802783513039, "amber": 0.5922667109032311, "floral": 0.6176359515337062, "cooling": 0.4534502322303166, "green": 0.5695222205089998, "phenolic": 0.40890178041778424, "mossy": 0.6370351478742196, "powdery": 0.5363056229343093, "fermented": 0.7286655715632988, "roasted": 0.4314608493837493, "camphoreous": 0.635365860901534, "sulfurous": 0.6827084727144848, "marine": 0.6443591529549997, "chemical": 0.47656414587403306, "bready": 0.8129055576816772, "berry": 0.6497142813627343, "rummy": 0.5753211517710302, "licorice": 0.6957402663637523, "tonka": 0.6250487862725351, "winey": 0.48711331814434417, "melon": 0.58936910402527, "brown": 0.4092139551269467, "bitter": 0.28902370575394704, "anise": 0.7417819146469284, "orris": 0.43507842317569073, "vegetable": 0.6272273153887734, "vanilla": 0.905083627562882, "solvent": 0.39585374470518386, "dairy": 0.4626764407858046, "aldehydic": 0.649784550247692, "nutty": 0.6218800502357764, "soapy": 0.5671180105089488, "animal": 0.3289409889464564, "acidic": 0.4945833790928631, "earthy": 0.5713311810271446, "clean": 0.41957161793571085, "coumarinic": 0.6447982757415273, "buttery": 0.6110472299389026, "estery": 0.49535839851876506, "onion": 0.4999513914619436, "oily": 0.3860163840037315, "medicinal": 0.580295151592017, "cocoa": 0.3240942529589749, "fruity": 0.6086986082754874, "chocolate": 0.8032698907856797, "sweet": 0.8117592332984986, "musty": 0.33051204497413367, "coffee": 0.6300375112258099, "fungal": 0.5766621053854283, "creamy": 0.44571771686415235, "coconut": 0.6214050934897193, "aromatic": 0.4703753144219057, "citrus": 0.6108456972546045, "caramellic": 0.48945446676959703, "honey": 0.7809442782618748, "waxy": 0.5823019584225166, "balsamic": 0.684544795009199, "ethereal": 0.5040007621621153, "spicy": 0.5508777460898264, "tropical": 0.45039508818107166, "mentholic": 0.8345389450053102, "fresh": 0.5383116368127074, "burnt": 0.2858910833723458, "woody": 0.5849869236106991, "thujonic": 0.8913970767215699, "meaty": 0.6449277267553766, "cheesy": 0.9526896148516796, "musk": 0.6755550480983714, "alliaceous": 0.49769120781438536, "minty": 0.5812636016651904, "fatty": 0.5273842454535987, "herbal": 0.4868499592455965, "TOTAL": 0.5779717334709177}