{"fusel": 0.4846301020408163, "jammy": 0.6103899352054502, "sour": 0.48738242716219315, "amber": 0.8840907856651059, "floral": 0.7720142409660887, "cooling": 0.5217472753715848, "green": 0.5956098441518413, "phenolic": 0.6191188214461057, "mossy": 0.8090453115701776, "powdery": 0.4699356000964579, "fermented": 0.689390216662944, "roasted": 0.5910719198118508, "camphoreous": 0.7342552022221208, "sulfurous": 0.8516849408455318, "marine": 0.5217677416647539, "chemical": 0.4239080097076115, "bready": 0.6045620493381688, "berry": 0.8493998681721664, "rummy": 0.49854051977979774, "licorice": 0.7015485725545652, "tonka": 0.7422532945772163, "winey": 0.5271765292237655, "melon": 0.47862802535535925, "brown": 0.49627483198825323, "bitter": 0.5309625920016726, "anise": 0.7667693154378186, "orris": 0.47514672110232203, "vegetable": 0.5633082245750292, "vanilla": 0.950035283007227, "solvent": 0.5088887351080451, "dairy": 0.488129276013479, "aldehydic": 0.8932434848225964, "nutty": 0.7525957520753853, "soapy": 0.48748980035810185, "animal": 0.598446544646654, "acidic": 0.9434333767395159, "earthy": 0.47471676487893244, "clean": 0.4745978740217696, "coumarinic": 0.7318794461049062, "buttery": 0.8274891009633667, "estery": 0.512474775318299, "onion": 0.5405414443646057, "oily": 0.5026073742593308, "medicinal": 0.5063830678074686, "cocoa": 0.4968964724514036, "fruity": 0.7564471490328039, "chocolate": 0.8303852803082499, "sweet": 0.45298600667805167, "musty": 0.5733290487693433, "coffee": 0.8447487525977415, "fungal": 0.5864299050063603, "creamy": 0.7327183741628325, "coconut": 0.8201848269384324, "aromatic": 0.48969037693891115, "citrus": 0.7304059914591, "caramellic": 0.7971896012500942, "honey": 0.8947012556308304, "waxy": 0.8153088556699603, "balsamic": 0.8287765367111657, "ethereal": 0.6687407869323841, "spicy": 0.7248318407182249, "tropical": 0.5089093750302944, "mentholic": 0.8135566025449091, "fresh": 0.6034762584548452, "burnt": 0.5885498023110831, "woody": 0.8583051289120257, "thujonic": 0.5728055127328365, "meaty": 0.686188131203937, "cheesy": 0.8939042127018959, "musk": 0.8106635700016183, "alliaceous": 0.940317921806672, "minty": 0.7456659299325272, "fatty": 0.6089962732605656, "herbal": 0.6690049430500812, "TOTAL": 0.6599686451673735}