{"citrus": 0.5909441227625568, "solvent": 0.31205542666292735, "oily": 0.4964746696597113, "licorice": 0.9754934915906482, "cheesy": 0.9936964232027539, "earthy": 0.5347763872670743, "acidic": 0.8314944539449944, "musty": 0.4961735275226424, "aromatic": 0.6067323886421222, "honey": 0.9814597726517351, "powdery": 0.39782756713051615, "orris": 0.26800584169865305, "fusel": 0.5820511583011584, "chocolate": 0.9502642642067927, "coconut": 0.8254977249267688, "balsamic": 0.8712327526802612, "tropical": 0.5345087105245798, "anise": 0.9660455179279789, "caramellic": 0.9066020868494852, "creamy": 0.7493306212360769, "coumarinic": 0.9246552356981805, "floral": 0.8148416945771652, "bitter": 0.719214753123141, "roasted": 0.6266385566443105, "phenolic": 0.3770504464927118, "fungal": 0.6992883268030519, "fatty": 0.6303269653738257, "sour": 0.9499800327971927, "green": 0.6202537583561097, "musk": 0.8716118285245044, "herbal": 0.6665730097197147, "berry": 0.904301628725268, "buttery": 0.930997526532026, "woody": 0.8504390240069897, "jammy": 0.4570021039938863, "alliaceous": 0.9483306022446898, "mentholic": 0.6264475731792298, "soapy": 0.6003640225822396, "burnt": 0.4392517949597437, "cooling": 0.45709658097184325, "sulfurous": 0.8773051220924339, "meaty": 0.835612754822888, "winey": 0.5835035107335192, "melon": 0.38143801756520257, "medicinal": 0.5793549846126163, "marine": 0.511504813998394, "onion": 0.4141542883828405, "fruity": 0.7988319960346395, "sweet": 0.30919761425330716, "coffee": 0.9464453493536851, "fermented": 0.7445768340654704, "camphoreous": 0.724138637300181, "animal": 0.3442412223986855, "vanilla": 0.9657264057815755, "rummy": 0.558846709557246, "dairy": 0.6455672811820061, "clean": 0.41194811236585177, "mossy": 0.9850529437879603, "nutty": 0.7210580318001943, "amber": 0.9034980177816007, "bready": 0.8118923089072343, "estery": 0.7040129348006989, "spicy": 0.7130481029063089, "thujonic": 0.7647085414903851, "brown": 0.4017656360511928, "fresh": 0.9792665103157608, "vegetable": 0.6268906195794529, "ethereal": 0.6739428551632153, "cocoa": 0.5746133942815211, "tonka": 0.7740166734214886, "chemical": 0.33755342202588384, "waxy": 0.7619970091324362, "minty": 0.7584394762158012, "aldehydic": 0.866488055026715, "TOTAL": 0.6888644670524817}