{"camphoreous": 0.5889191179643158, "powdery": 0.4907428684908579, "soapy": 0.48637756584652886, "ethereal": 0.49903243519456786, "herbal": 0.4962435919898185, "rummy": 0.42045635839004164, "thujonic": 0.5524961459552814, "mossy": 0.43438276327845315, "chocolate": 0.3607602473483206, "orris": 0.4049328693272817, "buttery": 0.5246914498079847, "fusel": 0.5766281715388859, "balsamic": 0.5334945241069746, "nutty": 0.5473105692598121, "dairy": 0.3773399759639931, "solvent": 0.463687486569469, "tropical": 0.43091084737483126, "marine": 0.6117913077811736, "melon": 0.5918971699321296, "alliaceous": 0.3467596036024744, "fermented": 0.49501937371255544, "berry": 0.5134958533038823, "green": 0.4891339785905164, "fungal": 0.47668930308722246, "cocoa": 0.5119543283353343, "coconut": 0.5135920066140465, "cheesy": 0.6084171942759706, "chemical": 0.5489484967587157, "mentholic": 0.48498350521831246, "amber": 0.5165281621080741, "musk": 0.45682919747326645, "anise": 0.5972137196884671, "estery": 0.4078860936589831, "tonka": 0.4678093018430509, "fresh": 0.30206598461416456, "vanilla": 0.3809779545180478, "woody": 0.5118521964597051, "earthy": 0.49241610041984396, "citrus": 0.47832302233894664, "spicy": 0.5466591894158002, "aromatic": 0.5636086565186793, "waxy": 0.5127654394289367, "coffee": 0.403734304129477, "honey": 0.5360341613560499, "caramellic": 0.4373027758687193, "medicinal": 0.5401038092853293, "creamy": 0.43034907889360646, "bready": 0.46441419277240176, "coumarinic": 0.32903470365126813, "fruity": 0.5056782417543642, "floral": 0.4877819468357249, "bitter": 0.2778705641939571, "fatty": 0.5399600819188448, "animal": 0.4377870782600143, "jammy": 0.6063883142399047, "onion": 0.386042276554615, "licorice": 0.4558819097516025, "vegetable": 0.6282238220352886, "acidic": 0.631915899213982, "roasted": 0.5048009825915465, "meaty": 0.36109178426107275, "burnt": 0.6078806728375892, "sulfurous": 0.48597248588799946, "clean": 0.5295333171888144, "cooling": 0.5371661245959019, "minty": 0.5768351976310742, "brown": 0.4522462074659337, "musty": 0.3809175912119967, "sour": 0.6700016143695886, "aldehydic": 0.49256712795888075, "oily": 0.5085979578301398, "phenolic": 0.3396478124016644, "sweet": 0.631751331787016, "winey": 0.5142085537871955, "TOTAL": 0.49064521690036866}