{"camphoreous": 0.4971250061794483, "powdery": 0.5425218449012015, "soapy": 0.563982520927272, "ethereal": 0.5161698062549258, "herbal": 0.48297249749319326, "rummy": 0.5472900994793197, "thujonic": 0.7758348498371448, "mossy": 0.5964578197171924, "chocolate": 0.7209825035936954, "orris": 0.448530074432796, "buttery": 0.5460469669797671, "fusel": 0.501330667402096, "balsamic": 0.6380281225511493, "nutty": 0.6418877909686185, "dairy": 0.3063522610341767, "solvent": 0.5534635290518318, "tropical": 0.4457075316558805, "marine": 0.6410418397911, "melon": 0.608365747855039, "alliaceous": 0.7095204012131386, "fermented": 0.6653119803687986, "berry": 0.589800995393218, "green": 0.549251707933412, "fungal": 0.5099285777018508, "cocoa": 0.390836059901681, "coconut": 0.5286592369169021, "cheesy": 0.8871113931437231, "chemical": 0.48195507213423605, "mentholic": 0.6193921434623064, "amber": 0.6563256674654634, "musk": 0.6513998508882434, "anise": 0.5442162673567632, "estery": 0.4697361680327869, "tonka": 0.6937106409227223, "fresh": 0.4458210122021685, "vanilla": 0.8403674410582729, "woody": 0.569892970932079, "earthy": 0.5303169112283707, "citrus": 0.5108752771139373, "spicy": 0.5423844106087652, "aromatic": 0.45535008030602386, "waxy": 0.5621410046859853, "coffee": 0.5567033889787674, "honey": 0.7275499500138595, "caramellic": 0.44220661972756486, "medicinal": 0.5490279092128099, "creamy": 0.5224151640581975, "bready": 0.7171675201525948, "coumarinic": 0.4721966598500341, "fruity": 0.5675923881136758, "floral": 0.5815824360012604, "bitter": 0.12871553593074456, "fatty": 0.5194751324554511, "animal": 0.43595005221577116, "jammy": 0.704245845559621, "onion": 0.3507371629068172, "licorice": 0.6192725418149363, "vegetable": 0.620897998918916, "acidic": 0.5263614113807873, "roasted": 0.4478246213574177, "meaty": 0.6650790462130697, "burnt": 0.5302953050620414, "sulfurous": 0.6389854295167576, "clean": 0.3979661092559076, "cooling": 0.3606848857723608, "minty": 0.5094122270718365, "brown": 0.4946170354095345, "musty": 0.3955460386997242, "sour": 0.7852633546600053, "aldehydic": 0.5883638283990531, "oily": 0.3302542873177025, "phenolic": 0.4217622998142809, "sweet": 0.6173693064512018, "winey": 0.5049405003343252, "TOTAL": 0.550119712752753}