{"nutty": 0.5344780139491165, "aldehydic": 0.7102736833592468, "honey": 0.6304167963941666, "coffee": 0.7528210014232868, "tonka": 0.8151575628643737, "brown": 0.6284610150894583, "powdery": 0.40639317985162493, "licorice": 0.661045750118809, "tropical": 0.2817350304742453, "vegetable": 0.5357149004031206, "minty": 0.5377067610668893, "mentholic": 0.5130011372470565, "aromatic": 0.4736014754725082, "cooling": 0.5443437161433075, "vanilla": 0.9598887156775039, "jammy": 0.5793355319349603, "winey": 0.5102310206089868, "burnt": 0.5382978822024354, "thujonic": 0.7156961042272785, "alliaceous": 0.7375599303436021, "musk": 0.7277367905282277, "creamy": 0.5741223996731271, "earthy": 0.5812467415976568, "fermented": 0.6020253983322166, "herbal": 0.5818543875032125, "woody": 0.6749291221322874, "citrus": 0.5322232947398247, "sweet": 0.6033313791960849, "melon": 0.37084467174627567, "solvent": 0.48332610968054457, "onion": 0.46682648542365335, "chocolate": 0.5888820310971616, "fusel": 0.5348800330943189, "roasted": 0.43156865935922323, "soapy": 0.6223524882816124, "coconut": 0.1831340186908776, "chemical": 0.5200572155117609, "fruity": 0.685438974384539, "musty": 0.4567226321879274, "berry": 0.8290617706051853, "amber": 0.7041828522346851, "fresh": 0.6872018852746904, "acidic": 0.6142432419711636, "medicinal": 0.5175548422833816, "waxy": 0.5601394565222721, "phenolic": 0.4095148209489744, "ethereal": 0.49544906072180217, "camphoreous": 0.5880998497542458, "cocoa": 0.4682560392811612, "floral": 0.7082971257765345, "bready": 0.6527162721192572, "meaty": 0.5566548923778138, "fungal": 0.5060656541188937, "sour": 0.8329424859592329, "animal": 0.2752404673673126, "clean": 0.44902527466924974, "green": 0.5831437158278068, "marine": 0.7081138746027013, "orris": 0.5034645724864679, "anise": 0.6505968778696052, "spicy": 0.5647154185765755, "mossy": 0.721443414850709, "balsamic": 0.733058947791237, "dairy": 0.22750276885373386, "buttery": 0.6800667750994496, "estery": 0.5276927347715736, "cheesy": 0.6637912098274559, "coumarinic": 0.7931838043801234, "caramellic": 0.5992604797979922, "sulfurous": 0.7727915133019454, "rummy": 0.5398396316268548, "bitter": 0.6971240843391187, "oily": 0.34619735144708363, "fatty": 0.5701976181685647, "TOTAL": 0.5814120652380724}