{"citrus": 0.6768205753890579, "solvent": 0.27762318756123405, "oily": 0.5272817713381971, "licorice": 0.9234760585582975, "cheesy": 0.9935982418323639, "earthy": 0.5016877759169206, "acidic": 0.8785457098479736, "musty": 0.4089494883610125, "aromatic": 0.6492694677530271, "honey": 0.9817994780684987, "powdery": 0.4079712611884194, "orris": 0.3340037352125217, "fusel": 0.711778474903475, "chocolate": 0.960243148587614, "coconut": 0.88445190874051, "balsamic": 0.9181123414698674, "tropical": 0.5464035909885043, "anise": 0.9650375811991974, "caramellic": 0.8923445384944277, "creamy": 0.7011559574354693, "coumarinic": 0.9126652814919687, "floral": 0.8129783531305405, "bitter": 0.4978034095066943, "roasted": 0.6578215023266807, "phenolic": 0.5095212995225247, "fungal": 0.6206933430791765, "fatty": 0.6757570866427474, "sour": 0.9513395019244985, "green": 0.6628573483655307, "musk": 0.8707657024812137, "herbal": 0.6627531614231206, "berry": 0.8940072594152615, "buttery": 0.9321263922034131, "woody": 0.8694556983171629, "jammy": 0.5690380155644424, "alliaceous": 0.9623409791552203, "mentholic": 0.8179333925006143, "soapy": 0.6476886029195759, "burnt": 0.3708521249820388, "cooling": 0.42013055522520937, "sulfurous": 0.9040306004148262, "meaty": 0.8291165611138176, "winey": 0.7326447781217268, "melon": 0.47779111708712174, "medicinal": 0.8399193124403121, "marine": 0.4874999125767973, "onion": 0.46928702446496573, "fruity": 0.8052577496106041, "sweet": 0.4209562103331379, "coffee": 0.9574915461952205, "fermented": 0.71433677996178, "camphoreous": 0.7564200756696382, "animal": 0.5658717864157995, "vanilla": 0.9767039694347147, "rummy": 0.40840270342894847, "dairy": 0.6947633317361694, "clean": 0.5643098855438579, "mossy": 0.9947783539724371, "nutty": 0.7944838589922829, "amber": 0.9378449219191345, "bready": 0.7853844331456272, "estery": 0.6063033749063826, "spicy": 0.6470186117621334, "thujonic": 0.869813846742318, "brown": 0.5639387224384091, "fresh": 0.9799831186340823, "vegetable": 0.6949802204658342, "ethereal": 0.6881832999887407, "cocoa": 0.5332250446429607, "tonka": 0.7657374593890411, "chemical": 0.07854395107215278, "waxy": 0.6946800174253965, "minty": 0.8347432120348002, "aldehydic": 0.8413724178104722, "TOTAL": 0.707768939363728}