{"camphoreous": 0.7203803535640175, "powdery": 0.47549239683958183, "soapy": 0.4807736324880457, "ethereal": 0.5694758749707692, "herbal": 0.6889421923610518, "rummy": 0.49870695173473306, "thujonic": 0.5576907027691166, "mossy": 0.9814517271671059, "chocolate": 0.8902056912228771, "orris": 0.4925583491229308, "buttery": 0.8268951024342857, "fusel": 0.4987830943188085, "balsamic": 0.8536877186377675, "nutty": 0.7217210492642354, "dairy": 0.48536238600570264, "solvent": 0.49000586390638146, "tropical": 0.5747381841809147, "marine": 0.49801501644509916, "melon": 0.5290872310795236, "alliaceous": 0.968104491700996, "fermented": 0.6637026747822201, "berry": 0.8657955847829389, "green": 0.5877942194083845, "fungal": 0.45811978887783983, "cocoa": 0.4950828884518123, "coconut": 0.8594924176002774, "cheesy": 0.9523986762710605, "chemical": 0.46311803657523626, "mentholic": 0.7314284333246955, "amber": 0.847085084017221, "musk": 0.8378818720330768, "anise": 0.9282088562391593, "estery": 0.49034323770491806, "tonka": 0.702257144357057, "fresh": 0.7128369192073689, "vanilla": 0.911878805236398, "woody": 0.8557351908279535, "earthy": 0.47160574650307313, "citrus": 0.7391410406150968, "spicy": 0.6437629988726026, "aromatic": 0.5105864463637272, "waxy": 0.7465720155869353, "coffee": 0.7975955693309255, "honey": 0.8828752967311297, "caramellic": 0.7826132725953157, "medicinal": 0.544235069793357, "creamy": 0.6663390595299427, "bready": 0.5490754408664856, "coumarinic": 0.7797999362033106, "fruity": 0.7437697821017405, "floral": 0.7732228261699226, "bitter": 0.4907469403298993, "fatty": 0.6253233522352548, "animal": 0.5894501722686523, "jammy": 0.5235220698998422, "onion": 0.7278669863239101, "licorice": 0.8058755346400379, "vegetable": 0.6146935987457274, "acidic": 0.9488705894350398, "roasted": 0.5899495530680802, "meaty": 0.744689836288422, "burnt": 0.7037991962659276, "sulfurous": 0.8883338546593356, "clean": 0.4709653572612098, "cooling": 0.5030425062762739, "minty": 0.7283799880448362, "brown": 0.4993272806972722, "musty": 0.593318196285375, "sour": 0.6589559277102292, "aldehydic": 0.8340993735190014, "oily": 0.4413040151012703, "phenolic": 0.6580194604009312, "sweet": 0.4552799938827008, "winey": 0.512879339896123, "TOTAL": 0.6676368306001416}