{"nutty": 0.6679866985774429, "aldehydic": 0.7902823998545528, "honey": 0.8897618235942466, "coffee": 0.8861744223368488, "tonka": 0.4405659379479236, "brown": 0.4867501324462349, "powdery": 0.5443169567499326, "licorice": 0.6286613424825843, "tropical": 0.4458746688879909, "vegetable": 0.5875764087035329, "minty": 0.6497534550471783, "mentholic": 0.5817189885348848, "aromatic": 0.5857835089656882, "cooling": 0.434861278254143, "vanilla": 0.9445938037220154, "jammy": 0.3259771407719111, "winey": 0.47964377876398856, "burnt": 0.33489383201308964, "thujonic": 0.9182896155228171, "alliaceous": 0.556939424128277, "musk": 0.651227185220696, "creamy": 0.5097675649748628, "earthy": 0.52208570242922, "fermented": 0.6224223965701239, "herbal": 0.6078751486610251, "woody": 0.6527398659242006, "citrus": 0.5738338707419596, "sweet": 0.8480106033186348, "melon": 0.8828623223203995, "solvent": 0.4200305214506066, "onion": 0.5465216262863136, "chocolate": 0.9758297396378235, "fusel": 0.4940581908439051, "roasted": 0.5816655236678252, "soapy": 0.49839811462299155, "coconut": 0.7652758217142709, "chemical": 0.08508081168996894, "fruity": 0.6804149658844962, "musty": 0.419547991265924, "berry": 0.7728842500007402, "amber": 0.8254596774143208, "fresh": 0.9224165278769134, "acidic": 0.8981039865702317, "medicinal": 0.6428664246094076, "waxy": 0.5567409558737506, "phenolic": 0.4966395154203272, "ethereal": 0.5883435272516261, "camphoreous": 0.6685462670803884, "cocoa": 0.27016813967151143, "floral": 0.6617578687648127, "bready": 0.4279575869128107, "meaty": 0.6008072804739035, "fungal": 0.3066399222599024, "sour": 0.7688074057080709, "animal": 0.6957149076749951, "clean": 0.5301036860485865, "green": 0.6297792366455808, "marine": 0.4676685948516317, "orris": 0.4867589973560342, "anise": 0.7824862490840452, "spicy": 0.5966394677457058, "mossy": 0.9360386144879896, "balsamic": 0.688556364259841, "dairy": 0.1279173114233872, "buttery": 0.8374203516052761, "estery": 0.37657738776316885, "cheesy": 0.9598416007224375, "coumarinic": 0.39874154475381474, "caramellic": 0.6239369283526666, "sulfurous": 0.7373229119703524, "rummy": 0.4776294630986732, "bitter": 0.6337742278331039, "oily": 0.4859905106882302, "fatty": 0.6464142834152207, "TOTAL": 0.6087230481108106}