{"camphoreous": 0.7491865400347026, "powdery": 0.4621631062314709, "soapy": 0.5129777895637785, "ethereal": 0.6053186443907467, "herbal": 0.6732156968401606, "rummy": 0.4989117910638843, "thujonic": 0.5148876241697866, "mossy": 0.9197171923262205, "chocolate": 0.8914220189338846, "orris": 0.4880964531768308, "buttery": 0.7543788203074941, "fusel": 0.51920194429123, "balsamic": 0.8504109515118252, "nutty": 0.7599821489222215, "dairy": 0.49591407520285286, "solvent": 0.4972082706575224, "tropical": 0.6004389546850324, "marine": 0.48820390778536993, "melon": 0.47905835147479403, "alliaceous": 0.8818432038390942, "fermented": 0.6830742157446702, "berry": 0.8122999419551387, "green": 0.6413912137251433, "fungal": 0.4933981828535489, "cocoa": 0.4982885897468645, "coconut": 0.8874209730714604, "cheesy": 0.9506971431994701, "chemical": 0.4813850051739899, "mentholic": 0.6959237010611172, "amber": 0.8770956708300225, "musk": 0.8461077067791407, "anise": 0.9104335364665943, "estery": 0.4847172885287509, "tonka": 0.6769312879919681, "fresh": 0.8851061599990936, "vanilla": 0.9158334203869527, "woody": 0.8693863162465626, "earthy": 0.46838544688596545, "citrus": 0.7312704152037591, "spicy": 0.6424241194867271, "aromatic": 0.4768705448525503, "waxy": 0.740677903216515, "coffee": 0.7677611763676035, "honey": 0.901385029906294, "caramellic": 0.7950339912815969, "medicinal": 0.5571996452067135, "creamy": 0.7520888952052726, "bready": 0.6347156160588996, "coumarinic": 0.6804735156345585, "fruity": 0.7416431832224332, "floral": 0.7737647721149039, "bitter": 0.4670246963975916, "fatty": 0.6641488613091239, "animal": 0.5724880019439889, "jammy": 0.5432283921943325, "onion": 0.5876877310570233, "licorice": 0.6909073522423006, "vegetable": 0.5940715182775804, "acidic": 0.9366527949920771, "roasted": 0.5833272308818914, "meaty": 0.6836597844731491, "burnt": 0.5642106580514779, "sulfurous": 0.8777597368787997, "clean": 0.48859262280455784, "cooling": 0.5226195710640044, "minty": 0.727923710606176, "brown": 0.4899295143996623, "musty": 0.5750291659309753, "sour": 0.7397572497939555, "aldehydic": 0.8274731345271111, "oily": 0.4693649012076643, "phenolic": 0.7317257950355617, "sweet": 0.5930243672418627, "winey": 0.4959228183420451, "TOTAL": 0.6667871851819743}